"year","시도","시군구","발전소명","연료","발전방식","용량_kW","발전량_MWh"
2017,"경기","가평군","청평양수","양수",NA,4e+05,267127.82911
2017,"경기","고양시","일산C/C","가스","복합",9e+05,1072761.45
2017,"경기","남양주시","별내열병합","가스","집단",115410,225050.002282
2017,"경기","동두천시","동두천C/C","가스","복합",1716800,7337792.6557
2017,"경기","성남시","분당C/C","가스","복합",922064,2261342.00084
2017,"경기","성남시","판교열병합","가스","집단",146314,893556.67436
2017,"경기","수원시","광교열병합","가스","집단",144788,781334.7688
2017,"경기","수원시","수원열병합","유류","집단",43200,49647.475006
2017,"경기","안산시","반월열병합","석탄","집단",76955,399160.15266
2017,"경기","안산시","안산C/C","가스","복합",751200,4452409.4831
2017,"경기","안산시","안산열병합","가스","집단",60000,8658.276708
2017,"경기","오산시","명품오산열병합","가스","집단",436100,3254887.0638
2017,"경기","파주시","파주문산C/C","가스","복합",1695200,10255510.72123
2017,"경기","파주시","파주열병합","가스","집단",515500,2438807.03986
2017,"경기","평택시","오성C/C","가스","복합",769830,2543569.7156
2017,"경기","평택시","평택#1","가스","기력",350000,215503
2017,"경기","평택시","평택#2","가스","기력",350000,256905
2017,"경기","평택시","평택#3","가스","기력",350000,242628
2017,"경기","평택시","평택#4","가스","기력",350000,366515
2017,"경기","평택시","평택C/C","가스","복합",1348500,2935954
2017,"경기","포천시","포천C/C","가스","복합",1450000,4138764.5006
2017,"경기","포천시","포천천연C/C","가스","복합",874200,3680759.5848
2017,"경기","하남시","위례열병합","가스","집단",412600,2531390.90904
2017,"경기","하남시","하남열병합","가스","집단",363811,2012403.36826
2017,"경기","화성시","동탄열병합","가스","집단",756760,944018.51656
2018,"경기","가평군","청평양수","양수",NA,4e+05,274363.70172
2018,"경기","고양시","일산C/C","가스","복합",9e+05,1232652.815
2018,"경기","남양주시","별내열병합","가스","집단",115410,298655.792918
2018,"경기","동두천시","동두천C/C","가스","복합",1716800,6758937.96891
2018,"경기","부천시","부천복합","가스","집단",450000,1050024.37312
2018,"경기","성남시","분당C/C","가스","복합",922064,2082890
2018,"경기","성남시","판교열병합","가스","집단",146314,895425.22343
2018,"경기","수원시","광교열병합","가스","집단",144788,483157.9704
2018,"경기","수원시","수원열병합","유류","집단",43200,49236.00214
2018,"경기","안산시","반월열병합","석탄","집단",76955,388238.461988
2018,"경기","안산시","안산C/C","가스","복합",751200,4495545.71776
2018,"경기","안산시","안산열병합","가스","집단",60000,8912.291388
2018,"경기","안양시","안양열병합","가스","집단",931690,2430968.94477
2018,"경기","오산시","명품오산열병합","가스","집단",436100,3067600.00661
2018,"경기","파주시","파주문산C/C","가스","복합",1695200,12022120.0516
2018,"경기","파주시","파주열병합","가스","집단",515500,2531998.17891
2018,"경기","평택시","오성C/C","가스","복합",769830,3105146.7104
2018,"경기","평택시","평택#1","가스","기력",350000,194308
2018,"경기","평택시","평택#2","가스","기력",350000,367629
2018,"경기","평택시","평택#3","가스","기력",350000,392161
2018,"경기","평택시","평택#4","가스","기력",350000,314805
2018,"경기","평택시","평택C/C","가스","복합",868500,4346034.517876
2018,"경기","포천시","포천C/C","가스","복합",1450000,3690621.2112
2018,"경기","포천시","포천그린에너지","석탄","집단",169900,26988.92
2018,"경기","포천시","포천천연C/C","가스","복합",874200,4655850.0218
2018,"경기","하남시","위례열병합","가스","집단",412600,3162303.8024
2018,"경기","하남시","하남열병합","가스","집단",363811,1947758.76386
2018,"경기","화성시","동탄열병합","가스","집단",756760,5364135.3859
2019,"경기","가평군","청평양수","양수",NA,4e+05,286039.56853
2019,"경기","고양시","일산C/C","가스","복합",9e+05,1261740.168
2019,"경기","남양주시","별내열병합","가스","집단",115410,392428.951124
2019,"경기","동두천시","동두천C/C","가스","복합",1716800,5621357.13513
2019,"경기","부천시","부천복합","가스","집단",450000,868506
2019,"경기","성남시","분당C/C","가스","복합",922064,2310320.05012
2019,"경기","성남시","판교열병합","가스","집단",146314,818836.20857
2019,"경기","수원시","광교열병합","가스","집단",144788,643844.0288
2019,"경기","수원시","수원열병합","유류","집단",43200,40749.577566
2019,"경기","안산시","반월열병합","석탄","집단",76955,380354.49824
2019,"경기","안산시","안산C/C","가스","복합",751200,4807063.315
2019,"경기","안산시","안산열병합","가스","집단",60000,9107.886312
2019,"경기","안양시","안양열병합","가스","집단",481690,3265834.18802
2019,"경기","오산시","명품오산열병합","가스","집단",436100,3419593.986
2019,"경기","파주시","파주문산C/C","가스","복합",1695200,12441826.868
2019,"경기","파주시","파주열병합","가스","집단",515500,2157914.68295
2019,"경기","평택시","신평택C/C","가스","복합",863300,1731936.87217
2019,"경기","평택시","오성C/C","가스","복합",769830,4221028.8736
2019,"경기","평택시","평택#1","가스","기력",350000,110922
2019,"경기","평택시","평택#2","가스","기력",350000,126395
2019,"경기","평택시","평택#3","가스","기력",350000,208663
2019,"경기","평택시","평택#4","가스","기력",350000,149147
2019,"경기","평택시","평택C/C","가스","복합",868500,5017761.3301
2019,"경기","포천시","포천C/C","가스","복합",1450000,2722222.6716
2019,"경기","포천시","포천그린에너지","석탄","집단",169900,641550.56
2019,"경기","포천시","포천천연C/C","가스","복합",874200,4099183.6145
2019,"경기","하남시","위례열병합","가스","집단",412600,3046434.1906
2019,"경기","하남시","하남열병합","가스","집단",363811,1695135.2113
2019,"경기","화성시","동탄열병합","가스","집단",756760,4524074.52382
2020,"경기","가평군","청평양수","양수",NA,4e+05,296870.93621
2020,"경기","고양시","일산C/C","가스","복합",9e+05,1142345.353
2020,"경기","남양주시","별내열병합","가스","집단",115410,322089.530608
2020,"경기","동두천시","동두천C/C","가스","복합",1716800,5086121.67609
2020,"경기","부천시","부천복합","가스","집단",450000,803028
2020,"경기","성남시","분당C/C","가스","복합",922064,2190502
2020,"경기","성남시","판교열병합","가스","집단",146314,790308.705726
2020,"경기","수원시","광교열병합","가스","집단",144788,784821.7048
2020,"경기","수원시","수원열병합","유류","집단",43200,26477.279084
2020,"경기","안산시","반월열병합","석탄","집단",76955,349775.23855
2020,"경기","안산시","안산C/C","가스","복합",751200,4184687.8931
2020,"경기","안산시","안산열병합","가스","집단",60000,10430.158536
2020,"경기","안양시","안양열병합","가스","집단",481690,3796329
2020,"경기","오산시","명품오산열병합","가스","집단",436100,3128570.4857
2020,"경기","파주시","파주문산C/C","가스","복합",1695200,11252519.58014
2020,"경기","파주시","파주열병합","가스","집단",515500,2116608.26797
2020,"경기","평택시","신평택C/C","가스","복합",863300,5973120.4117
2020,"경기","평택시","오성C/C","가스","복합",769830,2754348.0384
2020,"경기","평택시","평택#1","가스","기력",350000,120742.506
2020,"경기","평택시","평택#2","가스","기력",350000,149342
2020,"경기","평택시","평택#3","가스","기력",350000,199642
2020,"경기","평택시","평택#4","가스","기력",350000,116900
2020,"경기","평택시","평택C/C","가스","복합",868500,3042096.767236
2020,"경기","포천시","포천C/C","가스","복합",1450000,2979449.9064
2020,"경기","포천시","포천그린에너지","석탄","집단",169900,1114968.96
2020,"경기","포천시","포천천연C/C","가스","복합",874200,3526777.68011
2020,"경기","하남시","위례열병합","가스","집단",412600,3324099.5979
2020,"경기","하남시","하남열병합","가스","집단",363811,1451202.00302
2020,"경기","화성시","동탄열병합","가스","집단",756760,3891691.73386
2020,"경기","화성시","화성열병합","가스","집단",511800,2253710.97962
2021,"경기","가평군","청평양수","양수",NA,4e+05,327215.89221
2021,"경기","고양시","일산C/C","가스","복합",9e+05,1227298.853
2021,"경기","남양주시","별내열병합","가스","집단",115410,395977.078896
2021,"경기","동두천시","동두천C/C","가스","복합",1716800,6036167.30118
2021,"경기","부천시","부천복합","가스","집단",450000,1277619
2021,"경기","성남시","분당C/C","가스","복합",922064,2333351
2021,"경기","성남시","판교열병합","가스","집단",146314,893189.344784
2021,"경기","수원시","광교열병합","가스","집단",144788,589776.27944
2021,"경기","수원시","수원열병합","유류","집단",43200,37114.27871
2021,"경기","안산시","반월열병합","석탄","집단",83455,412177.25371
2021,"경기","안산시","안산C/C","가스","복합",751200,5291050.1908
2021,"경기","안산시","안산열병합","가스","집단",60000,9626.533812
2021,"경기","안양시","안양열병합","가스","집단",963380,3577126.649064
2021,"경기","오산시","명품오산열병합","가스","집단",436100,2939941.6096
2021,"경기","파주시","파주문산C/C","가스","복합",1695200,10890286.1373
2021,"경기","파주시","파주열병합","가스","집단",515500,2644032.57818
2021,"경기","평택시","신평택C/C","가스","복합",863300,5776477.8706
2021,"경기","평택시","오성C/C","가스","복합",769830,3128422.752
2021,"경기","평택시","평택#1","가스","기력",350000,399408
2021,"경기","평택시","평택#2","가스","기력",350000,355056
2021,"경기","평택시","평택#3","가스","기력",350000,183932
2021,"경기","평택시","평택#4","가스","기력",350000,238525
2021,"경기","평택시","평택C/C","가스","복합",868500,5000035
2021,"경기","포천시","포천C/C","가스","복합",1450000,4225538.046
2021,"경기","포천시","포천그린에너지","석탄","집단",169900,968310.28
2021,"경기","포천시","포천천연C/C","가스","복합",874200,4724058.6544
2021,"경기","하남시","위례열병합","가스","집단",412600,2960829.9412
2021,"경기","하남시","하남열병합","가스","집단",363811,1833932.28586
2021,"경기","화성시","동탄열병합","가스","집단",756760,4960579.7518
2021,"경기","화성시","화성열병합","가스","집단",511800,2206843.36557
2022,"경기","가평군","청평양수","양수",NA,4e+05,334630.17012
2022,"경기","고양시","일산C/C","가스","복합",9e+05,1777766.702
2022,"경기","남양주시","별내열병합","가스","집단",115410,436587.37887
2022,"경기","동두천시","동두천C/C","가스","복합",1716800,9576722.3877
2022,"경기","부천시","부천복합","가스","집단",450000,1389774
2022,"경기","성남시","분당C/C","가스","복합",922064,2685285
2022,"경기","성남시","판교열병합","가스","집단",146314,860272.00592
2022,"경기","수원시","광교열병합","가스","집단",144788,676354.25108
2022,"경기","수원시","수원열병합","유류","집단",43200,57086.606246
2022,"경기","안산시","반월열병합","석탄","집단",83455,375858.683758
2022,"경기","안산시","안산C/C","가스","복합",751200,4891234.08766
2022,"경기","안산시","안산열병합","가스","집단",60000,41975.972804
2022,"경기","안양시","안양열병합","가스","집단",963380,6259275
2022,"경기","오산시","명품오산열병합","가스","집단",436100,3078140.5883
2022,"경기","이천시","이천SEC C/C","가스","복합",0,4.96776
2022,"경기","파주시","파주문산C/C","가스","복합",1695200,7019342.310024
2022,"경기","파주시","파주열병합","가스","집단",515500,2411588.53058
2022,"경기","평택시","신평택C/C","가스","복합",863300,4559433.05759
2022,"경기","평택시","오성C/C","가스","복합",769830,3451612.472
2022,"경기","평택시","평택#1","가스","기력",350000,550029
2022,"경기","평택시","평택#2","가스","기력",350000,324679
2022,"경기","평택시","평택#3","가스","기력",350000,186610
2022,"경기","평택시","평택#4","가스","기력",350000,316027
2022,"경기","평택시","평택C/C","가스","복합",868500,4758489
2022,"경기","포천시","포천C/C","가스","복합",1450000,5472569.0676
2022,"경기","포천시","포천그린에너지","석탄","집단",169900,1352086.1788
2022,"경기","포천시","포천천연C/C","가스","복합",874200,4795986.2617
2022,"경기","하남시","위례열병합","가스","집단",412600,2093753.73736
2022,"경기","하남시","하남열병합","가스","집단",363811,1944553.7928
2022,"경기","화성시","동탄열병합","가스","집단",756760,5119801.92644
2022,"경기","화성시","화성열병합","가스","집단",511800,2637105.41374
2023,"경기","가평군","청평양수","양수",NA,4e+05,595089.504678
2023,"경기","고양시","일산C/C","가스","복합",9e+05,1322915.343
2023,"경기","김포시","김포열병합","가스","집단",350460,905848.44893
2023,"경기","남양주시","별내열병합","가스","집단",115410,378598.42726
2023,"경기","동두천시","동두천C/C","가스","복합",1716800,8093209.4942
2023,"경기","부천시","부천복합","가스","집단",450000,1069909
2023,"경기","성남시","분당C/C","가스","복합",922064,2322877.997
2023,"경기","성남시","판교열병합","가스","집단",146314,833689.675354
2023,"경기","수원시","광교열병합","가스","집단",144788,787876.720674
2023,"경기","수원시","수원열병합","유류","집단",38900,43543.325502
2023,"경기","안산시","반월열병합","석탄","집단",83455,367653.79535
2023,"경기","안산시","안산C/C","가스","복합",751200,4614702.6151
2023,"경기","안산시","안산열병합","가스","집단",60000,8557.310664
2023,"경기","안양시","안양열병합","가스","집단",963380,5433616
2023,"경기","여주시","여주C/C","가스","복합",1025400,4132060.657764
2023,"경기","오산시","명품오산열병합","가스","집단",436100,2815611.9926
2023,"경기","이천시","이천SEC C/C","가스","복합",0,536762.99784
2023,"경기","파주시","파주문산C/C","가스","복합",1695200,10898563.64488
2023,"경기","파주시","파주열병합","가스","집단",515500,2530672.2931
2023,"경기","평택시","신평택C/C","가스","복합",863300,5190420.61728
2023,"경기","평택시","오성C/C","가스","복합",769830,3091626.9664
2023,"경기","평택시","평택#1","가스","기력",350000,375931.999999
2023,"경기","평택시","평택#2","가스","기력",350000,178043
2023,"경기","평택시","평택#3","가스","기력",350000,123556
2023,"경기","평택시","평택#4","가스","기력",350000,200577
2023,"경기","평택시","평택C/C","가스","복합",868500,4749151
2023,"경기","포천시","포천C/C","가스","복합",1450000,4717921.146
2023,"경기","포천시","포천그린에너지","석탄","집단",169900,1337553.297
2023,"경기","포천시","포천천연C/C","가스","복합",874200,3789071.5196
2023,"경기","하남시","위례열병합","가스","집단",412600,2288354.20884
2023,"경기","하남시","하남열병합","가스","집단",363811,1671298.7205
2023,"경기","화성시","동탄열병합","가스","집단",756760,4059285.88004
2023,"경기","화성시","화성열병합","가스","집단",511800,2380553.19028
2019,"경기","가평군","IGCC","IGCC","IGCC",0,0
2019,"경기","가평군","PV","태양광","PV",0,22953.2729596167
2019,"경기","가평군","bio","바이오","bio",0,0
2019,"경기","가평군","fuelcell","연료전지","fuelcell",0,0
2019,"경기","가평군","hydro","수력","hydro",0,194857
2019,"경기","가평군","ocean","해양","ocean",0,0
2019,"경기","가평군","waste","폐기물","waste",0,0
2019,"경기","가평군","wind","풍력","wind",0,0
2019,"경기","고양시","IGCC","IGCC","IGCC",0,0
2019,"경기","고양시","PV","태양광","PV",0,23254.9924304044
2019,"경기","고양시","bio","바이오","bio",0,9318.12382
2019,"경기","고양시","fuelcell","연료전지","fuelcell",0,84920.962
2019,"경기","고양시","hydro","수력","hydro",0,501.65792
2019,"경기","고양시","ocean","해양","ocean",0,0
2019,"경기","고양시","waste","폐기물","waste",0,7946.15408370299
2019,"경기","고양시","wind","풍력","wind",0,0
2019,"경기","과천시","IGCC","IGCC","IGCC",0,0
2019,"경기","과천시","PV","태양광","PV",0,1327.49078246419
2019,"경기","과천시","bio","바이오","bio",0,0
2019,"경기","과천시","fuelcell","연료전지","fuelcell",0,12.3799221651076
2019,"경기","과천시","hydro","수력","hydro",0,0
2019,"경기","과천시","ocean","해양","ocean",0,0
2019,"경기","과천시","waste","폐기물","waste",0,0
2019,"경기","과천시","wind","풍력","wind",0,0
2019,"경기","광명시","IGCC","IGCC","IGCC",0,0
2019,"경기","광명시","PV","태양광","PV",0,6021.86632376859
2019,"경기","광명시","bio","바이오","bio",0,0
2019,"경기","광명시","fuelcell","연료전지","fuelcell",0,52571.2094605685
2019,"경기","광명시","hydro","수력","hydro",0,0
2019,"경기","광명시","ocean","해양","ocean",0,0
2019,"경기","광명시","waste","폐기물","waste",0,0
2019,"경기","광명시","wind","풍력","wind",0,0
2019,"경기","광주시","IGCC","IGCC","IGCC",0,0
2019,"경기","광주시","PV","태양광","PV",0,18207.4598489674
2019,"경기","광주시","bio","바이오","bio",0,0
2019,"경기","광주시","fuelcell","연료전지","fuelcell",0,297.118131962582
2019,"경기","광주시","hydro","수력","hydro",0,0
2019,"경기","광주시","ocean","해양","ocean",0,0
2019,"경기","광주시","waste","폐기물","waste",0,12935.7813442471
2019,"경기","광주시","wind","풍력","wind",0,0
2019,"경기","구리시","IGCC","IGCC","IGCC",0,0
2019,"경기","구리시","PV","태양광","PV",0,3345.52219347017
2019,"경기","구리시","bio","바이오","bio",0,0
2019,"경기","구리시","fuelcell","연료전지","fuelcell",0,61.8996108255381
2019,"경기","구리시","hydro","수력","hydro",0,28.906
2019,"경기","구리시","ocean","해양","ocean",0,0
2019,"경기","구리시","waste","폐기물","waste",0,4598.48822211871
2019,"경기","구리시","wind","풍력","wind",0,0
2019,"경기","군포시","IGCC","IGCC","IGCC",0,0
2019,"경기","군포시","PV","태양광","PV",0,4196.39168471809
2019,"경기","군포시","bio","바이오","bio",0,0
2019,"경기","군포시","fuelcell","연료전지","fuelcell",0,0
2019,"경기","군포시","hydro","수력","hydro",0,0
2019,"경기","군포시","ocean","해양","ocean",0,0
2019,"경기","군포시","waste","폐기물","waste",0,0
2019,"경기","군포시","wind","풍력","wind",0,0
2019,"경기","김포시","IGCC","IGCC","IGCC",0,0
2019,"경기","김포시","PV","태양광","PV",0,34285.3982357612
2019,"경기","김포시","bio","바이오","bio",0,0
2019,"경기","김포시","fuelcell","연료전지","fuelcell",0,37.1397664953228
2019,"경기","김포시","hydro","수력","hydro",0,0
2019,"경기","김포시","ocean","해양","ocean",0,0
2019,"경기","김포시","waste","폐기물","waste",0,0
2019,"경기","김포시","wind","풍력","wind",0,0
2019,"경기","남양주시","IGCC","IGCC","IGCC",0,0
2019,"경기","남양주시","PV","태양광","PV",0,23198.5327989159
2019,"경기","남양주시","bio","바이오","bio",0,0
2019,"경기","남양주시","fuelcell","연료전지","fuelcell",0,284.738209797475
2019,"경기","남양주시","hydro","수력","hydro",0,282285
2019,"경기","남양주시","ocean","해양","ocean",0,0
2019,"경기","남양주시","waste","폐기물","waste",0,1827.83318128216
2019,"경기","남양주시","wind","풍력","wind",0,0
2019,"경기","동두천시","IGCC","IGCC","IGCC",0,0
2019,"경기","동두천시","PV","태양광","PV",0,5883.59140398924
2019,"경기","동두천시","bio","바이오","bio",0,10179.519624
2019,"경기","동두천시","fuelcell","연료전지","fuelcell",0,0
2019,"경기","동두천시","hydro","수력","hydro",0,0
2019,"경기","동두천시","ocean","해양","ocean",0,0
2019,"경기","동두천시","waste","폐기물","waste",0,0
2019,"경기","동두천시","wind","풍력","wind",0,0
2019,"경기","부천시","IGCC","IGCC","IGCC",0,0
2019,"경기","부천시","PV","태양광","PV",0,6003.77599173996
2019,"경기","부천시","bio","바이오","bio",0,8335
2019,"경기","부천시","fuelcell","연료전지","fuelcell",0,346.637820623013
2019,"경기","부천시","hydro","수력","hydro",0,0
2019,"경기","부천시","ocean","해양","ocean",0,0
2019,"경기","부천시","waste","폐기물","waste",0,10.2018596164586
2019,"경기","부천시","wind","풍력","wind",0,0
2019,"경기","성남시","IGCC","IGCC","IGCC",0,0
2019,"경기","성남시","PV","태양광","PV",0,12927.0993616303
2019,"경기","성남시","bio","바이오","bio",0,0
2019,"경기","성남시","fuelcell","연료전지","fuelcell",0,306170.194719081
2019,"경기","성남시","hydro","수력","hydro",0,3299.682945
2019,"경기","성남시","ocean","해양","ocean",0,0
2019,"경기","성남시","waste","폐기물","waste",0,0
2019,"경기","성남시","wind","풍력","wind",0,0
2019,"경기","수원시","IGCC","IGCC","IGCC",0,0
2019,"경기","수원시","PV","태양광","PV",0,14343.99199165
2019,"경기","수원시","bio","바이오","bio",0,0
2019,"경기","수원시","fuelcell","연료전지","fuelcell",0,331.162917916629
2019,"경기","수원시","hydro","수력","hydro",0,0
2019,"경기","수원시","ocean","해양","ocean",0,0
2019,"경기","수원시","waste","폐기물","waste",0,993.954592518572
2019,"경기","수원시","wind","풍력","wind",0,0
2019,"경기","시흥시","IGCC","IGCC","IGCC",0,0
2019,"경기","시흥시","PV","태양광","PV",0,27475.4689385806
2019,"경기","시흥시","bio","바이오","bio",0,0
2019,"경기","시흥시","fuelcell","연료전지","fuelcell",0,38683.1749330911
2019,"경기","시흥시","hydro","수력","hydro",0,0
2019,"경기","시흥시","ocean","해양","ocean",0,0
2019,"경기","시흥시","waste","폐기물","waste",0,0
2019,"경기","시흥시","wind","풍력","wind",0,0
2019,"경기","안산시","IGCC","IGCC","IGCC",0,0
2019,"경기","안산시","PV","태양광","PV",0,30562.1900289252
2019,"경기","안산시","bio","바이오","bio",0,16752.9864
2019,"경기","안산시","fuelcell","연료전지","fuelcell",0,19757.9114509073
2019,"경기","안산시","hydro","수력","hydro",0,0.132
2019,"경기","안산시","ocean","해양","ocean",0,474320.64758
2019,"경기","안산시","waste","폐기물","waste",0,15210.32899272
2019,"경기","안산시","wind","풍력","wind",0,4787.85658438519
2019,"경기","안성시","IGCC","IGCC","IGCC",0,0
2019,"경기","안성시","PV","태양광","PV",0,67193.4800224048
2019,"경기","안성시","bio","바이오","bio",0,0
2019,"경기","안성시","fuelcell","연료전지","fuelcell",0,55.7096497429843
2019,"경기","안성시","hydro","수력","hydro",0,274.81
2019,"경기","안성시","ocean","해양","ocean",0,0
2019,"경기","안성시","waste","폐기물","waste",0,0
2019,"경기","안성시","wind","풍력","wind",0,1.268
2019,"경기","안양시","IGCC","IGCC","IGCC",0,0
2019,"경기","안양시","PV","태양광","PV",0,4780.36963984902
2019,"경기","안양시","bio","바이오","bio",0,6727.38888
2019,"경기","안양시","fuelcell","연료전지","fuelcell",0,30143.8285508119
2019,"경기","안양시","hydro","수력","hydro",0,952.043
2019,"경기","안양시","ocean","해양","ocean",0,0
2019,"경기","안양시","waste","폐기물","waste",0,13004.7232883522
2019,"경기","안양시","wind","풍력","wind",0,0
2019,"경기","양주시","IGCC","IGCC","IGCC",0,0
2019,"경기","양주시","PV","태양광","PV",0,15763.6988718717
2019,"경기","양주시","bio","바이오","bio",0,0
2019,"경기","양주시","fuelcell","연료전지","fuelcell",0,0
2019,"경기","양주시","hydro","수력","hydro",0,0
2019,"경기","양주시","ocean","해양","ocean",0,0
2019,"경기","양주시","waste","폐기물","waste",0,13029.8621327137
2019,"경기","양주시","wind","풍력","wind",0,0
2019,"경기","양평군","IGCC","IGCC","IGCC",0,0
2019,"경기","양평군","PV","태양광","PV",0,18331.9724135431
2019,"경기","양평군","bio","바이오","bio",0,0
2019,"경기","양평군","fuelcell","연료전지","fuelcell",0,0
2019,"경기","양평군","hydro","수력","hydro",0,0
2019,"경기","양평군","ocean","해양","ocean",0,0
2019,"경기","양평군","waste","폐기물","waste",0,0
2019,"경기","양평군","wind","풍력","wind",0,0
2019,"경기","여주시","IGCC","IGCC","IGCC",0,0
2019,"경기","여주시","PV","태양광","PV",0,80969.8420011078
2019,"경기","여주시","bio","바이오","bio",0,0
2019,"경기","여주시","fuelcell","연료전지","fuelcell",0,0
2019,"경기","여주시","hydro","수력","hydro",0,80944.81968
2019,"경기","여주시","ocean","해양","ocean",0,0
2019,"경기","여주시","waste","폐기물","waste",0,0
2019,"경기","여주시","wind","풍력","wind",0,0
2019,"경기","연천군","IGCC","IGCC","IGCC",0,0
2019,"경기","연천군","PV","태양광","PV",0,48026.1174667162
2019,"경기","연천군","bio","바이오","bio",0,2593.51
2019,"경기","연천군","fuelcell","연료전지","fuelcell",0,0
2019,"경기","연천군","hydro","수력","hydro",0,2943.667296
2019,"경기","연천군","ocean","해양","ocean",0,0
2019,"경기","연천군","waste","폐기물","waste",0,218.617135023757
2019,"경기","연천군","wind","풍력","wind",0,0
2019,"경기","오산시","IGCC","IGCC","IGCC",0,0
2019,"경기","오산시","PV","태양광","PV",0,6773.3443463333
2019,"경기","오산시","bio","바이오","bio",0,0
2019,"경기","오산시","fuelcell","연료전지","fuelcell",0,374.492645494505
2019,"경기","오산시","hydro","수력","hydro",0,0
2019,"경기","오산시","ocean","해양","ocean",0,0
2019,"경기","오산시","waste","폐기물","waste",0,0
2019,"경기","오산시","wind","풍력","wind",0,0
2019,"경기","용인시","IGCC","IGCC","IGCC",0,0
2019,"경기","용인시","PV","태양광","PV",0,39487.1479003187
2019,"경기","용인시","bio","바이오","bio",0,0
2019,"경기","용인시","fuelcell","연료전지","fuelcell",0,408.537431448551
2019,"경기","용인시","hydro","수력","hydro",0,0
2019,"경기","용인시","ocean","해양","ocean",0,0
2019,"경기","용인시","waste","폐기물","waste",0,4590.75368780021
2019,"경기","용인시","wind","풍력","wind",0,0
2019,"경기","의왕시","IGCC","IGCC","IGCC",0,0
2019,"경기","의왕시","PV","태양광","PV",0,2267.45437574294
2019,"경기","의왕시","bio","바이오","bio",0,0
2019,"경기","의왕시","fuelcell","연료전지","fuelcell",0,6.18996108255381
2019,"경기","의왕시","hydro","수력","hydro",0,0
2019,"경기","의왕시","ocean","해양","ocean",0,0
2019,"경기","의왕시","waste","폐기물","waste",0,0
2019,"경기","의왕시","wind","풍력","wind",0,0
2019,"경기","의정부시","IGCC","IGCC","IGCC",0,0
2019,"경기","의정부시","PV","태양광","PV",0,9606.2962967044
2019,"경기","의정부시","bio","바이오","bio",0,1321.5924
2019,"경기","의정부시","fuelcell","연료전지","fuelcell",0,61.8996108255381
2019,"경기","의정부시","hydro","수력","hydro",0,0
2019,"경기","의정부시","ocean","해양","ocean",0,0
2019,"경기","의정부시","waste","폐기물","waste",0,6830.14501321902
2019,"경기","의정부시","wind","풍력","wind",0,0
2019,"경기","이천시","IGCC","IGCC","IGCC",0,0
2019,"경기","이천시","PV","태양광","PV",0,74262.098512792
2019,"경기","이천시","bio","바이오","bio",0,0
2019,"경기","이천시","fuelcell","연료전지","fuelcell",0,433.297275778766
2019,"경기","이천시","hydro","수력","hydro",0,0
2019,"경기","이천시","ocean","해양","ocean",0,0
2019,"경기","이천시","waste","폐기물","waste",0,25287.2060972283
2019,"경기","이천시","wind","풍력","wind",0,0
2019,"경기","파주시","IGCC","IGCC","IGCC",0,0
2019,"경기","파주시","PV","태양광","PV",0,50243.4364171777
2019,"경기","파주시","bio","바이오","bio",0,304
2019,"경기","파주시","fuelcell","연료전지","fuelcell",0,49.5196886604305
2019,"경기","파주시","hydro","수력","hydro",0,543.718
2019,"경기","파주시","ocean","해양","ocean",0,0
2019,"경기","파주시","waste","폐기물","waste",0,0
2019,"경기","파주시","wind","풍력","wind",0,0
2019,"경기","평택시","IGCC","IGCC","IGCC",0,0
2019,"경기","평택시","PV","태양광","PV",0,56880.0967918046
2019,"경기","평택시","bio","바이오","bio",0,256178.3416
2019,"경기","평택시","fuelcell","연료전지","fuelcell",0,87010.465955806
2019,"경기","평택시","hydro","수력","hydro",0,0
2019,"경기","평택시","ocean","해양","ocean",0,0
2019,"경기","평택시","waste","폐기물","waste",0,0
2019,"경기","평택시","wind","풍력","wind",0,0
2019,"경기","포천시","IGCC","IGCC","IGCC",0,0
2019,"경기","포천시","PV","태양광","PV",0,46321.8236438982
2019,"경기","포천시","bio","바이오","bio",0,3419.444025
2019,"경기","포천시","fuelcell","연료전지","fuelcell",0,3278.59788324766
2019,"경기","포천시","hydro","수력","hydro",0,0
2019,"경기","포천시","ocean","해양","ocean",0,0
2019,"경기","포천시","waste","폐기물","waste",0,0
2019,"경기","포천시","wind","풍력","wind",0,0
2019,"경기","하남시","IGCC","IGCC","IGCC",0,0
2019,"경기","하남시","PV","태양광","PV",0,7207.9200593973
2019,"경기","하남시","bio","바이오","bio",0,0
2019,"경기","하남시","fuelcell","연료전지","fuelcell",0,0
2019,"경기","하남시","hydro","수력","hydro",0,0
2019,"경기","하남시","ocean","해양","ocean",0,0
2019,"경기","하남시","waste","폐기물","waste",0,0
2019,"경기","하남시","wind","풍력","wind",0,0
2019,"경기","화성시","IGCC","IGCC","IGCC",0,0
2019,"경기","화성시","PV","태양광","PV",0,111655.732879545
2019,"경기","화성시","bio","바이오","bio",0,0
2019,"경기","화성시","fuelcell","연료전지","fuelcell",0,167614.404999906
2019,"경기","화성시","hydro","수력","hydro",0,0
2019,"경기","화성시","ocean","해양","ocean",0,0
2019,"경기","화성시","waste","폐기물","waste",0,12870.2133855736
2019,"경기","화성시","wind","풍력","wind",0,0
2020,"경기","가평군","IGCC","IGCC","IGCC",0,0
2020,"경기","가평군","PV","태양광","PV",0,38373.6948242787
2020,"경기","가평군","bio","바이오","bio",0,0
2020,"경기","가평군","fuelcell","연료전지","fuelcell",0,0
2020,"경기","가평군","hydro","수력","hydro",0,242489
2020,"경기","가평군","ocean","해양","ocean",0,0
2020,"경기","가평군","waste","폐기물","waste",0,0
2020,"경기","가평군","wind","풍력","wind",0,0
2020,"경기","고양시","IGCC","IGCC","IGCC",0,0
2020,"경기","고양시","PV","태양광","PV",0,38684.0095910455
2020,"경기","고양시","bio","바이오","bio",0,8980.355562
2020,"경기","고양시","fuelcell","연료전지","fuelcell",0,70437.098
2020,"경기","고양시","hydro","수력","hydro",0,575.12262
2020,"경기","고양시","ocean","해양","ocean",0,0
2020,"경기","고양시","waste","폐기물","waste",0,4819.60342617531
2020,"경기","고양시","wind","풍력","wind",0,0
2020,"경기","과천시","IGCC","IGCC","IGCC",0,0
2020,"경기","과천시","PV","태양광","PV",0,1743.64093635294
2020,"경기","과천시","bio","바이오","bio",0,0
2020,"경기","과천시","fuelcell","연료전지","fuelcell",0,12.7294036036489
2020,"경기","과천시","hydro","수력","hydro",0,0
2020,"경기","과천시","ocean","해양","ocean",0,0
2020,"경기","과천시","waste","폐기물","waste",0,0
2020,"경기","과천시","wind","풍력","wind",0,0
2020,"경기","광명시","IGCC","IGCC","IGCC",0,0
2020,"경기","광명시","PV","태양광","PV",0,7825.78752717129
2020,"경기","광명시","bio","바이오","bio",0,0
2020,"경기","광명시","fuelcell","연료전지","fuelcell",0,28737.7459342347
2020,"경기","광명시","hydro","수력","hydro",0,0
2020,"경기","광명시","ocean","해양","ocean",0,0
2020,"경기","광명시","waste","폐기물","waste",0,0
2020,"경기","광명시","wind","풍력","wind",0,0
2020,"경기","광주시","IGCC","IGCC","IGCC",0,0
2020,"경기","광주시","PV","태양광","PV",0,31968.1797819043
2020,"경기","광주시","bio","바이오","bio",0,0
2020,"경기","광주시","fuelcell","연료전지","fuelcell",0,305.505686487574
2020,"경기","광주시","hydro","수력","hydro",0,0
2020,"경기","광주시","ocean","해양","ocean",0,0
2020,"경기","광주시","waste","폐기물","waste",0,4901.95266634847
2020,"경기","광주시","wind","풍력","wind",0,0
2020,"경기","구리시","IGCC","IGCC","IGCC",0,0
2020,"경기","구리시","PV","태양광","PV",0,5178.53949623976
2020,"경기","구리시","bio","바이오","bio",0,0
2020,"경기","구리시","fuelcell","연료전지","fuelcell",0,63.6470180182446
2020,"경기","구리시","hydro","수력","hydro",0,36.163
2020,"경기","구리시","ocean","해양","ocean",0,0
2020,"경기","구리시","waste","폐기물","waste",0,2257.47479853558
2020,"경기","구리시","wind","풍력","wind",0,0
2020,"경기","군포시","IGCC","IGCC","IGCC",0,0
2020,"경기","군포시","PV","태양광","PV",0,5730.26425532868
2020,"경기","군포시","bio","바이오","bio",0,0
2020,"경기","군포시","fuelcell","연료전지","fuelcell",0,95.470527027367
2020,"경기","군포시","hydro","수력","hydro",0,0
2020,"경기","군포시","ocean","해양","ocean",0,0
2020,"경기","군포시","waste","폐기물","waste",0,0
2020,"경기","군포시","wind","풍력","wind",0,0
2020,"경기","김포시","IGCC","IGCC","IGCC",0,0
2020,"경기","김포시","PV","태양광","PV",0,53433.7151448981
2020,"경기","김포시","bio","바이오","bio",0,0
2020,"경기","김포시","fuelcell","연료전지","fuelcell",0,70.0117198200691
2020,"경기","김포시","hydro","수력","hydro",0,0
2020,"경기","김포시","ocean","해양","ocean",0,0
2020,"경기","김포시","waste","폐기물","waste",0,0
2020,"경기","김포시","wind","풍력","wind",0,0
2020,"경기","남양주시","IGCC","IGCC","IGCC",0,0
2020,"경기","남양주시","PV","태양광","PV",0,34052.24781404
2020,"경기","남양주시","bio","바이오","bio",0,0
2020,"경기","남양주시","fuelcell","연료전지","fuelcell",0,324.599791893048
2020,"경기","남양주시","hydro","수력","hydro",0,324794
2020,"경기","남양주시","ocean","해양","ocean",0,0
2020,"경기","남양주시","waste","폐기물","waste",0,719.059808235584
2020,"경기","남양주시","wind","풍력","wind",0,0
2020,"경기","동두천시","IGCC","IGCC","IGCC",0,0
2020,"경기","동두천시","PV","태양광","PV",0,9917.89000265204
2020,"경기","동두천시","bio","바이오","bio",0,8805.825336
2020,"경기","동두천시","fuelcell","연료전지","fuelcell",0,0
2020,"경기","동두천시","hydro","수력","hydro",0,0
2020,"경기","동두천시","ocean","해양","ocean",0,0
2020,"경기","동두천시","waste","폐기물","waste",0,0
2020,"경기","동두천시","wind","풍력","wind",0,0
2020,"경기","부천시","IGCC","IGCC","IGCC",0,0
2020,"경기","부천시","PV","태양광","PV",0,10486.6190912016
2020,"경기","부천시","bio","바이오","bio",0,8016
2020,"경기","부천시","fuelcell","연료전지","fuelcell",0,65876.2089554067
2020,"경기","부천시","hydro","수력","hydro",0,0
2020,"경기","부천시","ocean","해양","ocean",0,0
2020,"경기","부천시","waste","폐기물","waste",0,24.8666216104525
2020,"경기","부천시","wind","풍력","wind",0,0
2020,"경기","성남시","IGCC","IGCC","IGCC",0,0
2020,"경기","성남시","PV","태양광","PV",0,20307.7488499096
2020,"경기","성남시","bio","바이오","bio",0,0
2020,"경기","성남시","fuelcell","연료전지","fuelcell",0,283266.426076129
2020,"경기","성남시","hydro","수력","hydro",0,3437.78226
2020,"경기","성남시","ocean","해양","ocean",0,0
2020,"경기","성남시","waste","폐기물","waste",0,0
2020,"경기","성남시","wind","풍력","wind",0,0
2020,"경기","수원시","IGCC","IGCC","IGCC",0,0
2020,"경기","수원시","PV","태양광","PV",0,23799.1949775635
2020,"경기","수원시","bio","바이오","bio",0,0
2020,"경기","수원시","fuelcell","연료전지","fuelcell",0,798.77007612897
2020,"경기","수원시","hydro","수력","hydro",0,0
2020,"경기","수원시","ocean","해양","ocean",0,0
2020,"경기","수원시","waste","폐기물","waste",0,12.1961258985977
2020,"경기","수원시","wind","풍력","wind",0,0
2020,"경기","시흥시","IGCC","IGCC","IGCC",0,0
2020,"경기","시흥시","PV","태양광","PV",0,35313.1879819667
2020,"경기","시흥시","bio","바이오","bio",0,0
2020,"경기","시흥시","fuelcell","연료전지","fuelcell",0,40027.8378172281
2020,"경기","시흥시","hydro","수력","hydro",0,0
2020,"경기","시흥시","ocean","해양","ocean",0,0
2020,"경기","시흥시","waste","폐기물","waste",0,3.96346072709927
2020,"경기","시흥시","wind","풍력","wind",0,0
2020,"경기","안산시","IGCC","IGCC","IGCC",0,0
2020,"경기","안산시","PV","태양광","PV",0,38603.3564280111
2020,"경기","안산시","bio","바이오","bio",0,11332.6872
2020,"경기","안산시","fuelcell","연료전지","fuelcell",0,20910.0785130651
2020,"경기","안산시","hydro","수력","hydro",0,0
2020,"경기","안산시","ocean","해양","ocean",0,457257.07726
2020,"경기","안산시","waste","폐기물","waste",0,7352.95797539274
2020,"경기","안산시","wind","풍력","wind",0,5570.86907378914
2020,"경기","안성시","IGCC","IGCC","IGCC",0,0
2020,"경기","안성시","PV","태양광","PV",0,104012.429834512
2020,"경기","안성시","bio","바이오","bio",0,0
2020,"경기","안성시","fuelcell","연료전지","fuelcell",0,82.741123423718
2020,"경기","안성시","hydro","수력","hydro",0,484.686
2020,"경기","안성시","ocean","해양","ocean",0,0
2020,"경기","안성시","waste","폐기물","waste",0,0
2020,"경기","안성시","wind","풍력","wind",0,7.23
2020,"경기","안양시","IGCC","IGCC","IGCC",0,0
2020,"경기","안양시","PV","태양광","PV",0,7138.82927615489
2020,"경기","안양시","bio","바이오","bio",0,0
2020,"경기","안양시","fuelcell","연료전지","fuelcell",0,23722.8018463514
2020,"경기","안양시","hydro","수력","hydro",0,1166.22
2020,"경기","안양시","ocean","해양","ocean",0,0
2020,"경기","안양시","waste","폐기물","waste",0,6112.67993456342
2020,"경기","안양시","wind","풍력","wind",0,0
2020,"경기","양주시","IGCC","IGCC","IGCC",0,0
2020,"경기","양주시","PV","태양광","PV",0,27779.9085184124
2020,"경기","양주시","bio","바이오","bio",0,0
2020,"경기","양주시","fuelcell","연료전지","fuelcell",0,0
2020,"경기","양주시","hydro","수력","hydro",0,0
2020,"경기","양주시","ocean","해양","ocean",0,0
2020,"경기","양주시","waste","폐기물","waste",0,7848.30844828303
2020,"경기","양주시","wind","풍력","wind",0,0
2020,"경기","양평군","IGCC","IGCC","IGCC",0,0
2020,"경기","양평군","PV","태양광","PV",0,38597.0314393897
2020,"경기","양평군","bio","바이오","bio",0,0
2020,"경기","양평군","fuelcell","연료전지","fuelcell",0,0
2020,"경기","양평군","hydro","수력","hydro",0,0
2020,"경기","양평군","ocean","해양","ocean",0,0
2020,"경기","양평군","waste","폐기물","waste",0,0
2020,"경기","양평군","wind","풍력","wind",0,0
2020,"경기","여주시","IGCC","IGCC","IGCC",0,0
2020,"경기","여주시","PV","태양광","PV",0,137249.021626554
2020,"경기","여주시","bio","바이오","bio",0,0
2020,"경기","여주시","fuelcell","연료전지","fuelcell",0,0
2020,"경기","여주시","hydro","수력","hydro",0,71435.45928
2020,"경기","여주시","ocean","해양","ocean",0,0
2020,"경기","여주시","waste","폐기물","waste",0,0
2020,"경기","여주시","wind","풍력","wind",0,0
2020,"경기","연천군","IGCC","IGCC","IGCC",0,0
2020,"경기","연천군","PV","태양광","PV",0,89417.2335129084
2020,"경기","연천군","bio","바이오","bio",0,2782.064
2020,"경기","연천군","fuelcell","연료전지","fuelcell",0,0
2020,"경기","연천군","hydro","수력","hydro",0,5028.754824
2020,"경기","연천군","ocean","해양","ocean",0,0
2020,"경기","연천군","waste","폐기물","waste",0,51.646603169823
2020,"경기","연천군","wind","풍력","wind",0,0
2020,"경기","오산시","IGCC","IGCC","IGCC",0,0
2020,"경기","오산시","PV","태양광","PV",0,10929.7449085483
2020,"경기","오산시","bio","바이오","bio",0,0
2020,"경기","오산시","fuelcell","연료전지","fuelcell",0,464.623231533186
2020,"경기","오산시","hydro","수력","hydro",0,0
2020,"경기","오산시","ocean","해양","ocean",0,0
2020,"경기","오산시","waste","폐기물","waste",0,0
2020,"경기","오산시","wind","풍력","wind",0,0
2020,"경기","용인시","IGCC","IGCC","IGCC",0,0
2020,"경기","용인시","PV","태양광","PV",0,59498.2767091254
2020,"경기","용인시","bio","바이오","bio",0,0
2020,"경기","용인시","fuelcell","연료전지","fuelcell",0,544.528600452343
2020,"경기","용인시","hydro","수력","hydro",0,89.006
2020,"경기","용인시","ocean","해양","ocean",0,0
2020,"경기","용인시","waste","폐기물","waste",0,12284.3903331881
2020,"경기","용인시","wind","풍력","wind",0,0
2020,"경기","의왕시","IGCC","IGCC","IGCC",0,0
2020,"경기","의왕시","PV","태양광","PV",0,4174.62253920892
2020,"경기","의왕시","bio","바이오","bio",0,0
2020,"경기","의왕시","fuelcell","연료전지","fuelcell",0,6.36470180182446
2020,"경기","의왕시","hydro","수력","hydro",0,0
2020,"경기","의왕시","ocean","해양","ocean",0,0
2020,"경기","의왕시","waste","폐기물","waste",0,0
2020,"경기","의왕시","wind","풍력","wind",0,0
2020,"경기","의정부시","IGCC","IGCC","IGCC",0,0
2020,"경기","의정부시","PV","태양광","PV",0,11497.9154699373
2020,"경기","의정부시","bio","바이오","bio",0,1113.58692
2020,"경기","의정부시","fuelcell","연료전지","fuelcell",0,63.6470180182446
2020,"경기","의정부시","hydro","수력","hydro",0,0
2020,"경기","의정부시","ocean","해양","ocean",0,0
2020,"경기","의정부시","waste","폐기물","waste",0,3437.39599395155
2020,"경기","의정부시","wind","풍력","wind",0,0
2020,"경기","이천시","IGCC","IGCC","IGCC",0,0
2020,"경기","이천시","PV","태양광","PV",0,131436.809882764
2020,"경기","이천시","bio","바이오","bio",0,1.393
2020,"경기","이천시","fuelcell","연료전지","fuelcell",0,445.529126127713
2020,"경기","이천시","hydro","수력","hydro",0,0
2020,"경기","이천시","ocean","해양","ocean",0,0
2020,"경기","이천시","waste","폐기물","waste",0,16896.817292831
2020,"경기","이천시","wind","풍력","wind",0,0
2020,"경기","파주시","IGCC","IGCC","IGCC",0,0
2020,"경기","파주시","PV","태양광","PV",0,73934.4842085498
2020,"경기","파주시","bio","바이오","bio",0,167
2020,"경기","파주시","fuelcell","연료전지","fuelcell",0,28218.7553404146
2020,"경기","파주시","hydro","수력","hydro",0,358.49
2020,"경기","파주시","ocean","해양","ocean",0,0
2020,"경기","파주시","waste","폐기물","waste",0,0
2020,"경기","파주시","wind","풍력","wind",0,0
2020,"경기","평택시","IGCC","IGCC","IGCC",0,0
2020,"경기","평택시","PV","태양광","PV",0,100078.986969547
2020,"경기","평택시","bio","바이오","bio",0,258026.7472
2020,"경기","평택시","fuelcell","연료전지","fuelcell",0,119449.605248652
2020,"경기","평택시","hydro","수력","hydro",0,0
2020,"경기","평택시","ocean","해양","ocean",0,0
2020,"경기","평택시","waste","폐기물","waste",0,0
2020,"경기","평택시","wind","풍력","wind",0,0
2020,"경기","포천시","IGCC","IGCC","IGCC",0,0
2020,"경기","포천시","PV","태양광","PV",0,81945.3583570066
2020,"경기","포천시","bio","바이오","bio",0,2808.352188
2020,"경기","포천시","fuelcell","연료전지","fuelcell",0,2965.25010540547
2020,"경기","포천시","hydro","수력","hydro",0,0
2020,"경기","포천시","ocean","해양","ocean",0,0
2020,"경기","포천시","waste","폐기물","waste",0,0
2020,"경기","포천시","wind","풍력","wind",0,0
2020,"경기","하남시","IGCC","IGCC","IGCC",0,0
2020,"경기","하남시","PV","태양광","PV",0,11508.4463041296
2020,"경기","하남시","bio","바이오","bio",0,0
2020,"경기","하남시","fuelcell","연료전지","fuelcell",0,15.9117545045612
2020,"경기","하남시","hydro","수력","hydro",0,0
2020,"경기","하남시","ocean","해양","ocean",0,0
2020,"경기","하남시","waste","폐기물","waste",0,0
2020,"경기","하남시","wind","풍력","wind",0,0
2020,"경기","화성시","IGCC","IGCC","IGCC",0,0
2020,"경기","화성시","PV","태양광","PV",0,172355.82004976
2020,"경기","화성시","bio","바이오","bio",0,0
2020,"경기","화성시","fuelcell","연료전지","fuelcell",0,545134.76655304
2020,"경기","화성시","hydro","수력","hydro",0,0
2020,"경기","화성시","ocean","해양","ocean",0,0
2020,"경기","화성시","waste","폐기물","waste",0,6348.37052139917
2020,"경기","화성시","wind","풍력","wind",0,0
2021,"경기","가평군","IGCC","IGCC","IGCC",0,0
2021,"경기","가평군","PV","태양광","PV",0,46801.4948875449
2021,"경기","가평군","bio","바이오","bio",0,0
2021,"경기","가평군","fuelcell","연료전지","fuelcell",0,0
2021,"경기","가평군","hydro","수력","hydro",0,210447
2021,"경기","가평군","ocean","해양","ocean",0,0
2021,"경기","가평군","waste","폐기물","waste",0,0
2021,"경기","가평군","wind","풍력","wind",0,2.84016446542488
2021,"경기","고양시","IGCC","IGCC","IGCC",0,0
2021,"경기","고양시","PV","태양광","PV",0,45045.6894179928
2021,"경기","고양시","bio","바이오","bio",0,10851.895339
2021,"경기","고양시","fuelcell","연료전지","fuelcell",0,40739.388
2021,"경기","고양시","hydro","수력","hydro",0,433.05834
2021,"경기","고양시","ocean","해양","ocean",0,0
2021,"경기","고양시","waste","폐기물","waste",0,4661.31773137559
2021,"경기","고양시","wind","풍력","wind",0,0
2021,"경기","과천시","IGCC","IGCC","IGCC",0,0
2021,"경기","과천시","PV","태양광","PV",0,1955.27030497433
2021,"경기","과천시","bio","바이오","bio",0,0
2021,"경기","과천시","fuelcell","연료전지","fuelcell",0,13.0127117465572
2021,"경기","과천시","hydro","수력","hydro",0,0
2021,"경기","과천시","ocean","해양","ocean",0,0
2021,"경기","과천시","waste","폐기물","waste",0,0
2021,"경기","과천시","wind","풍력","wind",0,0
2021,"경기","광명시","IGCC","IGCC","IGCC",0,0
2021,"경기","광명시","PV","태양광","PV",0,8870.9939068255
2021,"경기","광명시","bio","바이오","bio",0,0
2021,"경기","광명시","fuelcell","연료전지","fuelcell",0,17448.0131203251
2021,"경기","광명시","hydro","수력","hydro",0,0
2021,"경기","광명시","ocean","해양","ocean",0,0
2021,"경기","광명시","waste","폐기물","waste",0,0
2021,"경기","광명시","wind","풍력","wind",0,0
2021,"경기","광주시","IGCC","IGCC","IGCC",0,0
2021,"경기","광주시","PV","태양광","PV",0,46768.5537820753
2021,"경기","광주시","bio","바이오","bio",0,0
2021,"경기","광주시","fuelcell","연료전지","fuelcell",0,331.824149537209
2021,"경기","광주시","hydro","수력","hydro",0,0
2021,"경기","광주시","ocean","해양","ocean",0,0
2021,"경기","광주시","waste","폐기물","waste",0,4221.79301917253
2021,"경기","광주시","wind","풍력","wind",0,0
2021,"경기","구리시","IGCC","IGCC","IGCC",0,0
2021,"경기","구리시","PV","태양광","PV",0,5484.82033237219
2021,"경기","구리시","bio","바이오","bio",0,0
2021,"경기","구리시","fuelcell","연료전지","fuelcell",0,0
2021,"경기","구리시","hydro","수력","hydro",0,48.317
2021,"경기","구리시","ocean","해양","ocean",0,0
2021,"경기","구리시","waste","폐기물","waste",0,1245.40329899016
2021,"경기","구리시","wind","풍력","wind",0,0
2021,"경기","군포시","IGCC","IGCC","IGCC",0,0
2021,"경기","군포시","PV","태양광","PV",0,6293.51020128382
2021,"경기","군포시","bio","바이오","bio",0,0
2021,"경기","군포시","fuelcell","연료전지","fuelcell",0,260.254234931145
2021,"경기","군포시","hydro","수력","hydro",0,0
2021,"경기","군포시","ocean","해양","ocean",0,0
2021,"경기","군포시","waste","폐기물","waste",0,0
2021,"경기","군포시","wind","풍력","wind",0,0
2021,"경기","김포시","IGCC","IGCC","IGCC",0,0
2021,"경기","김포시","PV","태양광","PV",0,69113.1028541161
2021,"경기","김포시","bio","바이오","bio",0,0
2021,"경기","김포시","fuelcell","연료전지","fuelcell",0,159.405718895326
2021,"경기","김포시","hydro","수력","hydro",0,0
2021,"경기","김포시","ocean","해양","ocean",0,0
2021,"경기","김포시","waste","폐기물","waste",0,0
2021,"경기","김포시","wind","풍력","wind",0,0
2021,"경기","남양주시","IGCC","IGCC","IGCC",0,0
2021,"경기","남양주시","PV","태양광","PV",0,38581.9145110464
2021,"경기","남양주시","bio","바이오","bio",0,0
2021,"경기","남양주시","fuelcell","연료전지","fuelcell",0,71.5699146060648
2021,"경기","남양주시","hydro","수력","hydro",0,328383
2021,"경기","남양주시","ocean","해양","ocean",0,0
2021,"경기","남양주시","waste","폐기물","waste",0,1327.04870661115
2021,"경기","남양주시","wind","풍력","wind",0,0
2021,"경기","동두천시","IGCC","IGCC","IGCC",0,0
2021,"경기","동두천시","PV","태양광","PV",0,10275.2565631105
2021,"경기","동두천시","bio","바이오","bio",0,9349.844784
2021,"경기","동두천시","fuelcell","연료전지","fuelcell",0,0
2021,"경기","동두천시","hydro","수력","hydro",0,0
2021,"경기","동두천시","ocean","해양","ocean",0,0
2021,"경기","동두천시","waste","폐기물","waste",0,0
2021,"경기","동두천시","wind","풍력","wind",0,0
2021,"경기","부천시","IGCC","IGCC","IGCC",0,0
2021,"경기","부천시","PV","태양광","PV",0,11766.9386912864
2021,"경기","부천시","bio","바이오","bio",0,8062
2021,"경기","부천시","fuelcell","연료전지","fuelcell",0,80193.3986274959
2021,"경기","부천시","hydro","수력","hydro",0,0
2021,"경기","부천시","ocean","해양","ocean",0,0
2021,"경기","부천시","waste","폐기물","waste",0,5.38776801559803
2021,"경기","부천시","wind","풍력","wind",0,0
2021,"경기","성남시","IGCC","IGCC","IGCC",0,0
2021,"경기","성남시","PV","태양광","PV",0,23075.7440194569
2021,"경기","성남시","bio","바이오","bio",0,0
2021,"경기","성남시","fuelcell","연료전지","fuelcell",0,241287.685366694
2021,"경기","성남시","hydro","수력","hydro",0,4015.763587
2021,"경기","성남시","ocean","해양","ocean",0,0
2021,"경기","성남시","waste","폐기물","waste",0,0
2021,"경기","성남시","wind","풍력","wind",0,0
2021,"경기","수원시","IGCC","IGCC","IGCC",0,0
2021,"경기","수원시","PV","태양광","PV",0,34304.8011712745
2021,"경기","수원시","bio","바이오","bio",0,0
2021,"경기","수원시","fuelcell","연료전지","fuelcell",0,1128.85274401384
2021,"경기","수원시","hydro","수력","hydro",0,0
2021,"경기","수원시","ocean","해양","ocean",0,0
2021,"경기","수원시","waste","폐기물","waste",0,0.255751131045036
2021,"경기","수원시","wind","풍력","wind",0,0
2021,"경기","시흥시","IGCC","IGCC","IGCC",0,0
2021,"경기","시흥시","PV","태양광","PV",0,42007.2032715598
2021,"경기","시흥시","bio","바이오","bio",0,0
2021,"경기","시흥시","fuelcell","연료전지","fuelcell",0,41795.5544631764
2021,"경기","시흥시","hydro","수력","hydro",0,0
2021,"경기","시흥시","ocean","해양","ocean",0,0
2021,"경기","시흥시","waste","폐기물","waste",0,3718.27215015958
2021,"경기","시흥시","wind","풍력","wind",0,0
2021,"경기","안산시","IGCC","IGCC","IGCC",0,0
2021,"경기","안산시","PV","태양광","PV",0,42582.0899951128
2021,"경기","안산시","bio","바이오","bio",0,9971.1264
2021,"경기","안산시","fuelcell","연료전지","fuelcell",0,18343.9108079615
2021,"경기","안산시","hydro","수력","hydro",0,0
2021,"경기","안산시","ocean","해양","ocean",0,454961.31391
2021,"경기","안산시","waste","폐기물","waste",0,8227.78013182695
2021,"경기","안산시","wind","풍력","wind",0,4613.21591633546
2021,"경기","안성시","IGCC","IGCC","IGCC",0,0
2021,"경기","안성시","PV","태양광","PV",0,141889.82418599
2021,"경기","안성시","bio","바이오","bio",0,0
2021,"경기","안성시","fuelcell","연료전지","fuelcell",0,198.443854134998
2021,"경기","안성시","hydro","수력","hydro",0,326.892
2021,"경기","안성시","ocean","해양","ocean",0,0
2021,"경기","안성시","waste","폐기물","waste",0,0
2021,"경기","안성시","wind","풍력","wind",0,1.136
2021,"경기","안양시","IGCC","IGCC","IGCC",0,0
2021,"경기","안양시","PV","태양광","PV",0,7406.81194727228
2021,"경기","안양시","bio","바이오","bio",0,1019.3208
2021,"경기","안양시","fuelcell","연료전지","fuelcell",0,17054.9924456377
2021,"경기","안양시","hydro","수력","hydro",0,983.492
2021,"경기","안양시","ocean","해양","ocean",0,0
2021,"경기","안양시","waste","폐기물","waste",0,6210.65342904374
2021,"경기","안양시","wind","풍력","wind",0,0
2021,"경기","양주시","IGCC","IGCC","IGCC",0,0
2021,"경기","양주시","PV","태양광","PV",0,33747.6902453886
2021,"경기","양주시","bio","바이오","bio",0,0
2021,"경기","양주시","fuelcell","연료전지","fuelcell",0,0
2021,"경기","양주시","hydro","수력","hydro",0,0
2021,"경기","양주시","ocean","해양","ocean",0,0
2021,"경기","양주시","waste","폐기물","waste",0,7907.43212120652
2021,"경기","양주시","wind","풍력","wind",0,11.3606578616995
2021,"경기","양평군","IGCC","IGCC","IGCC",0,0
2021,"경기","양평군","PV","태양광","PV",0,45757.7234081476
2021,"경기","양평군","bio","바이오","bio",0,0
2021,"경기","양평군","fuelcell","연료전지","fuelcell",0,0
2021,"경기","양평군","hydro","수력","hydro",0,0
2021,"경기","양평군","ocean","해양","ocean",0,0
2021,"경기","양평군","waste","폐기물","waste",0,0
2021,"경기","양평군","wind","풍력","wind",0,0
2021,"경기","여주시","IGCC","IGCC","IGCC",0,0
2021,"경기","여주시","PV","태양광","PV",0,163616.461652276
2021,"경기","여주시","bio","바이오","bio",0,0
2021,"경기","여주시","fuelcell","연료전지","fuelcell",0,0
2021,"경기","여주시","hydro","수력","hydro",0,82837.05605
2021,"경기","여주시","ocean","해양","ocean",0,0
2021,"경기","여주시","waste","폐기물","waste",0,0
2021,"경기","여주시","wind","풍력","wind",0,0
2021,"경기","연천군","IGCC","IGCC","IGCC",0,0
2021,"경기","연천군","PV","태양광","PV",0,137896.773361933
2021,"경기","연천군","bio","바이오","bio",0,2756.624
2021,"경기","연천군","fuelcell","연료전지","fuelcell",0,0
2021,"경기","연천군","hydro","수력","hydro",0,5266.280314
2021,"경기","연천군","ocean","해양","ocean",0,0
2021,"경기","연천군","waste","폐기물","waste",0,1.92335567391451
2021,"경기","연천군","wind","풍력","wind",0,0
2021,"경기","오산시","IGCC","IGCC","IGCC",0,0
2021,"경기","오산시","PV","태양광","PV",0,13606.1041113448
2021,"경기","오산시","bio","바이오","bio",0,0
2021,"경기","오산시","fuelcell","연료전지","fuelcell",0,696.180078440812
2021,"경기","오산시","hydro","수력","hydro",0,0
2021,"경기","오산시","ocean","해양","ocean",0,0
2021,"경기","오산시","waste","폐기물","waste",0,0
2021,"경기","오산시","wind","풍력","wind",0,0
2021,"경기","용인시","IGCC","IGCC","IGCC",0,0
2021,"경기","용인시","PV","태양광","PV",0,69057.8649051255
2021,"경기","용인시","bio","바이오","bio",0,0
2021,"경기","용인시","fuelcell","연료전지","fuelcell",0,885.38029192565
2021,"경기","용인시","hydro","수력","hydro",0,133.453
2021,"경기","용인시","ocean","해양","ocean",0,0
2021,"경기","용인시","waste","폐기물","waste",0,11958.6850428485
2021,"경기","용인시","wind","풍력","wind",0,0
2021,"경기","의왕시","IGCC","IGCC","IGCC",0,0
2021,"경기","의왕시","PV","태양광","PV",0,4501.22173135913
2021,"경기","의왕시","bio","바이오","bio",0,0
2021,"경기","의왕시","fuelcell","연료전지","fuelcell",0,46245.2951358733
2021,"경기","의왕시","hydro","수력","hydro",0,0
2021,"경기","의왕시","ocean","해양","ocean",0,0
2021,"경기","의왕시","waste","폐기물","waste",0,0
2021,"경기","의왕시","wind","풍력","wind",0,0
2021,"경기","의정부시","IGCC","IGCC","IGCC",0,0
2021,"경기","의정부시","PV","태양광","PV",0,12497.8351860439
2021,"경기","의정부시","bio","바이오","bio",0,961.77672
2021,"경기","의정부시","fuelcell","연료전지","fuelcell",0,65.0635587327862
2021,"경기","의정부시","hydro","수력","hydro",0,0
2021,"경기","의정부시","ocean","해양","ocean",0,0
2021,"경기","의정부시","waste","폐기물","waste",0,3533.9613745388
2021,"경기","의정부시","wind","풍력","wind",0,0.766844405664717
2021,"경기","이천시","IGCC","IGCC","IGCC",0,0
2021,"경기","이천시","PV","태양광","PV",0,151090.273166077
2021,"경기","이천시","bio","바이오","bio",0,20122.286
2021,"경기","이천시","fuelcell","연료전지","fuelcell",0,455.444911129503
2021,"경기","이천시","hydro","수력","hydro",0,0
2021,"경기","이천시","ocean","해양","ocean",0,0
2021,"경기","이천시","waste","폐기물","waste",0,17031.4875167859
2021,"경기","이천시","wind","풍력","wind",0,0
2021,"경기","파주시","IGCC","IGCC","IGCC",0,0
2021,"경기","파주시","PV","태양광","PV",0,89529.6422368616
2021,"경기","파주시","bio","바이오","bio",0,138
2021,"경기","파주시","fuelcell","연료전지","fuelcell",0,71437.2228744931
2021,"경기","파주시","hydro","수력","hydro",0,359
2021,"경기","파주시","ocean","해양","ocean",0,0
2021,"경기","파주시","waste","폐기물","waste",0,0
2021,"경기","파주시","wind","풍력","wind",0,0
2021,"경기","평택시","IGCC","IGCC","IGCC",0,0
2021,"경기","평택시","PV","태양광","PV",0,118938.547719812
2021,"경기","평택시","bio","바이오","bio",0,242231.1472
2021,"경기","평택시","fuelcell","연료전지","fuelcell",0,83533.0485376778
2021,"경기","평택시","hydro","수력","hydro",0,0
2021,"경기","평택시","ocean","해양","ocean",0,0
2021,"경기","평택시","waste","폐기물","waste",0,0
2021,"경기","평택시","wind","풍력","wind",0,0
2021,"경기","포천시","IGCC","IGCC","IGCC",0,0
2021,"경기","포천시","PV","태양광","PV",0,106780.593181848
2021,"경기","포천시","bio","바이오","bio",0,39657.958247
2021,"경기","포천시","fuelcell","연료전지","fuelcell",0,3256.87906761984
2021,"경기","포천시","hydro","수력","hydro",0,0
2021,"경기","포천시","ocean","해양","ocean",0,0
2021,"경기","포천시","waste","폐기물","waste",0,0
2021,"경기","포천시","wind","풍력","wind",0,0
2021,"경기","하남시","IGCC","IGCC","IGCC",0,0
2021,"경기","하남시","PV","태양광","PV",0,12637.6496036259
2021,"경기","하남시","bio","바이오","bio",0,0
2021,"경기","하남시","fuelcell","연료전지","fuelcell",0,123.620761592294
2021,"경기","하남시","hydro","수력","hydro",0,0
2021,"경기","하남시","ocean","해양","ocean",0,0
2021,"경기","하남시","waste","폐기물","waste",0,0
2021,"경기","하남시","wind","풍력","wind",0,0
2021,"경기","화성시","IGCC","IGCC","IGCC",0,0
2021,"경기","화성시","PV","태양광","PV",0,215856.593786409
2021,"경기","화성시","bio","바이오","bio",0,1834.80497
2021,"경기","화성시","fuelcell","연료전지","fuelcell",0,786933.830765719
2021,"경기","화성시","hydro","수력","hydro",0,0
2021,"경기","화성시","ocean","해양","ocean",0,0
2021,"경기","화성시","waste","폐기물","waste",0,6060.94760770698
2021,"경기","화성시","wind","풍력","wind",0,5.68032893084975
2022,"경기","가평군","IGCC","IGCC","IGCC",0,0
2022,"경기","가평군","PV","태양광","PV",0,52806.5782853449
2022,"경기","가평군","bio","바이오","bio",0,0
2022,"경기","가평군","fuelcell","연료전지","fuelcell",0,0
2022,"경기","가평군","hydro","수력","hydro",0,311225
2022,"경기","가평군","ocean","해양","ocean",0,0
2022,"경기","가평군","waste","폐기물","waste",0,0
2022,"경기","가평군","wind","풍력","wind",0,5.79002462870749
2022,"경기","고양시","IGCC","IGCC","IGCC",0,0
2022,"경기","고양시","PV","태양광","PV",0,54307.3298477945
2022,"경기","고양시","bio","바이오","bio",0,10680.832323
2022,"경기","고양시","fuelcell","연료전지","fuelcell",0,39071.9128409209
2022,"경기","고양시","hydro","수력","hydro",0,0
2022,"경기","고양시","ocean","해양","ocean",0,0
2022,"경기","고양시","waste","폐기물","waste",0,38.3341849417006
2022,"경기","고양시","wind","풍력","wind",0,0
2022,"경기","과천시","IGCC","IGCC","IGCC",0,0
2022,"경기","과천시","PV","태양광","PV",0,2531.87210725949
2022,"경기","과천시","bio","바이오","bio",0,0
2022,"경기","과천시","fuelcell","연료전지","fuelcell",0,12.7681681841792
2022,"경기","과천시","hydro","수력","hydro",0,0
2022,"경기","과천시","ocean","해양","ocean",0,0
2022,"경기","과천시","waste","폐기물","waste",0,0
2022,"경기","과천시","wind","풍력","wind",0,0
2022,"경기","광명시","IGCC","IGCC","IGCC",0,0
2022,"경기","광명시","PV","태양광","PV",0,10583.4864105667
2022,"경기","광명시","bio","바이오","bio",0,0
2022,"경기","광명시","fuelcell","연료전지","fuelcell",0,19947.4495000519
2022,"경기","광명시","hydro","수력","hydro",0,0
2022,"경기","광명시","ocean","해양","ocean",0,0
2022,"경기","광명시","waste","폐기물","waste",0,0
2022,"경기","광명시","wind","풍력","wind",0,0
2022,"경기","광주시","IGCC","IGCC","IGCC",0,0
2022,"경기","광주시","PV","태양광","PV",0,55221.517526664
2022,"경기","광주시","bio","바이오","bio",0,0
2022,"경기","광주시","fuelcell","연료전지","fuelcell",0,386.23708757142
2022,"경기","광주시","hydro","수력","hydro",0,0
2022,"경기","광주시","ocean","해양","ocean",0,0
2022,"경기","광주시","waste","폐기물","waste",0,5056.87841037087
2022,"경기","광주시","wind","풍력","wind",0,0
2022,"경기","구리시","IGCC","IGCC","IGCC",0,0
2022,"경기","구리시","PV","태양광","PV",0,6605.27697283311
2022,"경기","구리시","bio","바이오","bio",0,0
2022,"경기","구리시","fuelcell","연료전지","fuelcell",0,0
2022,"경기","구리시","hydro","수력","hydro",0,72.517
2022,"경기","구리시","ocean","해양","ocean",0,0
2022,"경기","구리시","waste","폐기물","waste",0,2143.00545038879
2022,"경기","구리시","wind","풍력","wind",0,0
2022,"경기","군포시","IGCC","IGCC","IGCC",0,0
2022,"경기","군포시","PV","태양광","PV",0,7154.85374591718
2022,"경기","군포시","bio","바이오","bio",0,0
2022,"경기","군포시","fuelcell","연료전지","fuelcell",0,319.204204604479
2022,"경기","군포시","hydro","수력","hydro",0,0
2022,"경기","군포시","ocean","해양","ocean",0,0
2022,"경기","군포시","waste","폐기물","waste",0,0
2022,"경기","군포시","wind","풍력","wind",0,0
2022,"경기","김포시","IGCC","IGCC","IGCC",0,0
2022,"경기","김포시","PV","태양광","PV",0,82941.9553881959
2022,"경기","김포시","bio","바이오","bio",0,0
2022,"경기","김포시","fuelcell","연료전지","fuelcell",0,217.058859131046
2022,"경기","김포시","hydro","수력","hydro",0,0
2022,"경기","김포시","ocean","해양","ocean",0,0
2022,"경기","김포시","waste","폐기물","waste",0,0
2022,"경기","김포시","wind","풍력","wind",0,0
2022,"경기","남양주시","IGCC","IGCC","IGCC",0,0
2022,"경기","남양주시","PV","태양광","PV",0,47089.5777788224
2022,"경기","남양주시","bio","바이오","bio",0,0
2022,"경기","남양주시","fuelcell","연료전지","fuelcell",0,70.2249250129854
2022,"경기","남양주시","hydro","수력","hydro",0,333287
2022,"경기","남양주시","ocean","해양","ocean",0,0
2022,"경기","남양주시","waste","폐기물","waste",0,954.716636800907
2022,"경기","남양주시","wind","풍력","wind",0,0
2022,"경기","동두천시","IGCC","IGCC","IGCC",0,0
2022,"경기","동두천시","PV","태양광","PV",0,12532.3507913569
2022,"경기","동두천시","bio","바이오","bio",0,7944.831842
2022,"경기","동두천시","fuelcell","연료전지","fuelcell",0,0
2022,"경기","동두천시","hydro","수력","hydro",0,0
2022,"경기","동두천시","ocean","해양","ocean",0,0
2022,"경기","동두천시","waste","폐기물","waste",0,0
2022,"경기","동두천시","wind","풍력","wind",0,0
2022,"경기","부천시","IGCC","IGCC","IGCC",0,0
2022,"경기","부천시","PV","태양광","PV",0,14306.4927892933
2022,"경기","부천시","bio","바이오","bio",0,5617.2
2022,"경기","부천시","fuelcell","연료전지","fuelcell",0,77752.9958368075
2022,"경기","부천시","hydro","수력","hydro",0,0
2022,"경기","부천시","ocean","해양","ocean",0,0
2022,"경기","부천시","waste","폐기물","waste",0,3.85432634962013
2022,"경기","부천시","wind","풍력","wind",0,0
2022,"경기","성남시","IGCC","IGCC","IGCC",0,0
2022,"경기","성남시","PV","태양광","PV",0,27389.2892406385
2022,"경기","성남시","bio","바이오","bio",0,0
2022,"경기","성남시","fuelcell","연료전지","fuelcell",0,263461.802875195
2022,"경기","성남시","hydro","수력","hydro",0,3866.532755
2022,"경기","성남시","ocean","해양","ocean",0,0
2022,"경기","성남시","waste","폐기물","waste",0,0
2022,"경기","성남시","wind","풍력","wind",0,0
2022,"경기","수원시","IGCC","IGCC","IGCC",0,0
2022,"경기","수원시","PV","태양광","PV",0,41447.4352421961
2022,"경기","수원시","bio","바이오","bio",0,0
2022,"경기","수원시","fuelcell","연료전지","fuelcell",0,1289.58498660209
2022,"경기","수원시","hydro","수력","hydro",0,0
2022,"경기","수원시","ocean","해양","ocean",0,0
2022,"경기","수원시","waste","폐기물","waste",0,5631.57392019467
2022,"경기","수원시","wind","풍력","wind",0,0
2022,"경기","시흥시","IGCC","IGCC","IGCC",0,0
2022,"경기","시흥시","PV","태양광","PV",0,50323.3551637461
2022,"경기","시흥시","bio","바이오","bio",0,0
2022,"경기","시흥시","fuelcell","연료전지","fuelcell",0,43972.0694112337
2022,"경기","시흥시","hydro","수력","hydro",0,0
2022,"경기","시흥시","ocean","해양","ocean",0,0
2022,"경기","시흥시","waste","폐기물","waste",0,3654.36236716005
2022,"경기","시흥시","wind","풍력","wind",0,0
2022,"경기","안산시","IGCC","IGCC","IGCC",0,0
2022,"경기","안산시","PV","태양광","PV",0,55428.8335911977
2022,"경기","안산시","bio","바이오","bio",0,5996.79113163056
2022,"경기","안산시","fuelcell","연료전지","fuelcell",0,20867.2587455773
2022,"경기","안산시","hydro","수력","hydro",0,0
2022,"경기","안산시","ocean","해양","ocean",0,423839.29811
2022,"경기","안산시","waste","폐기물","waste",0,6925.57021731504
2022,"경기","안산시","wind","풍력","wind",0,4424.32367327062
2022,"경기","안성시","IGCC","IGCC","IGCC",0,0
2022,"경기","안성시","PV","태양광","PV",0,173509.155447748
2022,"경기","안성시","bio","바이오","bio",0,0
2022,"경기","안성시","fuelcell","연료전지","fuelcell",0,306.4360364203
2022,"경기","안성시","hydro","수력","hydro",0,490.666
2022,"경기","안성시","ocean","해양","ocean",0,0
2022,"경기","안성시","waste","폐기물","waste",0,570.199093514158
2022,"경기","안성시","wind","풍력","wind",0,0
2022,"경기","안양시","IGCC","IGCC","IGCC",0,0
2022,"경기","안양시","PV","태양광","PV",0,9006.52493413998
2022,"경기","안양시","bio","바이오","bio",0,1105.08648
2022,"경기","안양시","fuelcell","연료전지","fuelcell",0,26941.9044649109
2022,"경기","안양시","hydro","수력","hydro",0,1014.819
2022,"경기","안양시","ocean","해양","ocean",0,0
2022,"경기","안양시","waste","폐기물","waste",0,2550.01138813528
2022,"경기","안양시","wind","풍력","wind",0,0
2022,"경기","양주시","IGCC","IGCC","IGCC",0,0
2022,"경기","양주시","PV","태양광","PV",0,43682.8376687514
2022,"경기","양주시","bio","바이오","bio",0,0
2022,"경기","양주시","fuelcell","연료전지","fuelcell",0,114.913513657612
2022,"경기","양주시","hydro","수력","hydro",0,0
2022,"경기","양주시","ocean","해양","ocean",0,0
2022,"경기","양주시","waste","폐기물","waste",0,6104.54014801999
2022,"경기","양주시","wind","풍력","wind",0,11.580049257415
2022,"경기","양평군","IGCC","IGCC","IGCC",0,0
2022,"경기","양평군","PV","태양광","PV",0,60763.5198394971
2022,"경기","양평군","bio","바이오","bio",0,0
2022,"경기","양평군","fuelcell","연료전지","fuelcell",0,0
2022,"경기","양평군","hydro","수력","hydro",0,0
2022,"경기","양평군","ocean","해양","ocean",0,0
2022,"경기","양평군","waste","폐기물","waste",0,0
2022,"경기","양평군","wind","풍력","wind",0,0
2022,"경기","여주시","IGCC","IGCC","IGCC",0,0
2022,"경기","여주시","PV","태양광","PV",0,190002.062435999
2022,"경기","여주시","bio","바이오","bio",0,0
2022,"경기","여주시","fuelcell","연료전지","fuelcell",0,0
2022,"경기","여주시","hydro","수력","hydro",0,61729.28412
2022,"경기","여주시","ocean","해양","ocean",0,0
2022,"경기","여주시","waste","폐기물","waste",0,0
2022,"경기","여주시","wind","풍력","wind",0,0
2022,"경기","연천군","IGCC","IGCC","IGCC",0,0
2022,"경기","연천군","PV","태양광","PV",0,169583.814651648
2022,"경기","연천군","bio","바이오","bio",0,2719.518
2022,"경기","연천군","fuelcell","연료전지","fuelcell",0,0
2022,"경기","연천군","hydro","수력","hydro",0,5315.29416
2022,"경기","연천군","ocean","해양","ocean",0,0
2022,"경기","연천군","waste","폐기물","waste",0,372.999324156787
2022,"경기","연천군","wind","풍력","wind",0,0
2022,"경기","오산시","IGCC","IGCC","IGCC",0,0
2022,"경기","오산시","PV","태양광","PV",0,16881.9331648048
2022,"경기","오산시","bio","바이오","bio",0,0
2022,"경기","오산시","fuelcell","연료전지","fuelcell",0,549.031231919704
2022,"경기","오산시","hydro","수력","hydro",0,0
2022,"경기","오산시","ocean","해양","ocean",0,0
2022,"경기","오산시","waste","폐기물","waste",0,0
2022,"경기","오산시","wind","풍력","wind",0,0
2022,"경기","용인시","IGCC","IGCC","IGCC",0,0
2022,"경기","용인시","PV","태양광","PV",0,80626.4242338214
2022,"경기","용인시","bio","바이오","bio",0,0
2022,"경기","용인시","fuelcell","연료전지","fuelcell",0,1083.20368532112
2022,"경기","용인시","hydro","수력","hydro",0,139.542
2022,"경기","용인시","ocean","해양","ocean",0,0
2022,"경기","용인시","waste","폐기물","waste",0,10271.1690416053
2022,"경기","용인시","wind","풍력","wind",0,0
2022,"경기","의왕시","IGCC","IGCC","IGCC",0,0
2022,"경기","의왕시","PV","태양광","PV",0,6871.91807008339
2022,"경기","의왕시","bio","바이오","bio",0,0
2022,"경기","의왕시","fuelcell","연료전지","fuelcell",0,86179.4403670921
2022,"경기","의왕시","hydro","수력","hydro",0,0
2022,"경기","의왕시","ocean","해양","ocean",0,0
2022,"경기","의왕시","waste","폐기물","waste",0,0
2022,"경기","의왕시","wind","풍력","wind",0,0
2022,"경기","의정부시","IGCC","IGCC","IGCC",0,0
2022,"경기","의정부시","PV","태양광","PV",0,14945.5840406779
2022,"경기","의정부시","bio","바이오","bio",0,231.489680853177
2022,"경기","의정부시","fuelcell","연료전지","fuelcell",0,98.9533034273885
2022,"경기","의정부시","hydro","수력","hydro",0,0
2022,"경기","의정부시","ocean","해양","ocean",0,0
2022,"경기","의정부시","waste","폐기물","waste",0,3147.82832973476
2022,"경기","의정부시","wind","풍력","wind",0,1.56330664975102
2022,"경기","이천시","IGCC","IGCC","IGCC",0,0
2022,"경기","이천시","PV","태양광","PV",0,176365.282437399
2022,"경기","이천시","bio","바이오","bio",0,354.581
2022,"경기","이천시","fuelcell","연료전지","fuelcell",0,20077.4491665053
2022,"경기","이천시","hydro","수력","hydro",0,0
2022,"경기","이천시","ocean","해양","ocean",0,0
2022,"경기","이천시","waste","폐기물","waste",0,10929.8090495536
2022,"경기","이천시","wind","풍력","wind",0,0
2022,"경기","파주시","IGCC","IGCC","IGCC",0,0
2022,"경기","파주시","PV","태양광","PV",0,110977.845526612
2022,"경기","파주시","bio","바이오","bio",0,0
2022,"경기","파주시","fuelcell","연료전지","fuelcell",0,68793.5654482892
2022,"경기","파주시","hydro","수력","hydro",0,392.702
2022,"경기","파주시","ocean","해양","ocean",0,0
2022,"경기","파주시","waste","폐기물","waste",0,0
2022,"경기","파주시","wind","풍력","wind",0,0
2022,"경기","평택시","IGCC","IGCC","IGCC",0,0
2022,"경기","평택시","PV","태양광","PV",0,142876.580317905
2022,"경기","평택시","bio","바이오","bio",0,230259.6156
2022,"경기","평택시","fuelcell","연료전지","fuelcell",0,104550.207066542
2022,"경기","평택시","hydro","수력","hydro",0,0
2022,"경기","평택시","ocean","해양","ocean",0,0
2022,"경기","평택시","waste","폐기물","waste",0,0
2022,"경기","평택시","wind","풍력","wind",0,0
2022,"경기","포천시","IGCC","IGCC","IGCC",0,0
2022,"경기","포천시","PV","태양광","PV",0,128454.869102724
2022,"경기","포천시","bio","바이오","bio",0,113168.633
2022,"경기","포천시","fuelcell","연료전지","fuelcell",0,3372.48058864463
2022,"경기","포천시","hydro","수력","hydro",0,0
2022,"경기","포천시","ocean","해양","ocean",0,0
2022,"경기","포천시","waste","폐기물","waste",0,0
2022,"경기","포천시","wind","풍력","wind",0,0
2022,"경기","하남시","IGCC","IGCC","IGCC",0,0
2022,"경기","하남시","PV","태양광","PV",0,15778.0537609065
2022,"경기","하남시","bio","바이오","bio",0,0
2022,"경기","하남시","fuelcell","연료전지","fuelcell",0,210.674775038956
2022,"경기","하남시","hydro","수력","hydro",0,0
2022,"경기","하남시","ocean","해양","ocean",0,0
2022,"경기","하남시","waste","폐기물","waste",0,0
2022,"경기","하남시","wind","풍력","wind",0,0
2022,"경기","화성시","IGCC","IGCC","IGCC",0,0
2022,"경기","화성시","PV","태양광","PV",0,265032.925676086
2022,"경기","화성시","bio","바이오","bio",0,1818.85233
2022,"경기","화성시","fuelcell","연료전지","fuelcell",0,765034.587344134
2022,"경기","화성시","hydro","수력","hydro",0,0
2022,"경기","화성시","ocean","해양","ocean",0,0
2022,"경기","화성시","waste","폐기물","waste",0,6235.81341266239
2022,"경기","화성시","wind","풍력","wind",0,5.79002462870749
2023,"경기","가평군","IGCC","IGCC","IGCC",0,0
2023,"경기","가평군","PV","태양광","PV",0,55418.1439256963
2023,"경기","가평군","bio","바이오","bio",0,0
2023,"경기","가평군","fuelcell","연료전지","fuelcell",0,0
2023,"경기","가평군","hydro","수력","hydro",0,289141
2023,"경기","가평군","ocean","해양","ocean",0,0
2023,"경기","가평군","waste","폐기물","waste",0,0
2023,"경기","가평군","wind","풍력","wind",0,5.26413035013087
2023,"경기","고양시","IGCC","IGCC","IGCC",0,0
2023,"경기","고양시","PV","태양광","PV",0,58779.0175257529
2023,"경기","고양시","bio","바이오","bio",0,8850.570455
2023,"경기","고양시","fuelcell","연료전지","fuelcell",0,37175.112657441
2023,"경기","고양시","hydro","수력","hydro",0,0
2023,"경기","고양시","ocean","해양","ocean",0,0
2023,"경기","고양시","waste","폐기물","waste",0,1637.30202109956
2023,"경기","고양시","wind","풍력","wind",0,0
2023,"경기","과천시","IGCC","IGCC","IGCC",0,0
2023,"경기","과천시","PV","태양광","PV",0,2670.67278143442
2023,"경기","과천시","bio","바이오","bio",0,0
2023,"경기","과천시","fuelcell","연료전지","fuelcell",0,13.2889104960694
2023,"경기","과천시","hydro","수력","hydro",0,0
2023,"경기","과천시","ocean","해양","ocean",0,0
2023,"경기","과천시","waste","폐기물","waste",0,0
2023,"경기","과천시","wind","풍력","wind",0,0
2023,"경기","광명시","IGCC","IGCC","IGCC",0,0
2023,"경기","광명시","PV","태양광","PV",0,11249.7574524267
2023,"경기","광명시","bio","바이오","bio",0,0
2023,"경기","광명시","fuelcell","연료전지","fuelcell",0,19300.9191071537
2023,"경기","광명시","hydro","수력","hydro",0,0
2023,"경기","광명시","ocean","해양","ocean",0,0
2023,"경기","광명시","waste","폐기물","waste",0,0
2023,"경기","광명시","wind","풍력","wind",0,0
2023,"경기","광주시","IGCC","IGCC","IGCC",0,0
2023,"경기","광주시","PV","태양광","PV",0,58197.149323988
2023,"경기","광주시","bio","바이오","bio",0,0
2023,"경기","광주시","fuelcell","연료전지","fuelcell",0,79249.7313811065
2023,"경기","광주시","hydro","수력","hydro",0,0
2023,"경기","광주시","ocean","해양","ocean",0,0
2023,"경기","광주시","waste","폐기물","waste",0,5796.44332612806
2023,"경기","광주시","wind","풍력","wind",0,0
2023,"경기","구리시","IGCC","IGCC","IGCC",0,0
2023,"경기","구리시","PV","태양광","PV",0,6182.79314031365
2023,"경기","구리시","bio","바이오","bio",0,0
2023,"경기","구리시","fuelcell","연료전지","fuelcell",0,0
2023,"경기","구리시","hydro","수력","hydro",0,0.115
2023,"경기","구리시","ocean","해양","ocean",0,0
2023,"경기","구리시","waste","폐기물","waste",0,1945.0089258727
2023,"경기","구리시","wind","풍력","wind",0,0
2023,"경기","군포시","IGCC","IGCC","IGCC",0,0
2023,"경기","군포시","PV","태양광","PV",0,7189.92512363373
2023,"경기","군포시","bio","바이오","bio",0,0
2023,"경기","군포시","fuelcell","연료전지","fuelcell",0,332.222762401734
2023,"경기","군포시","hydro","수력","hydro",0,0
2023,"경기","군포시","ocean","해양","ocean",0,0
2023,"경기","군포시","waste","폐기물","waste",0,0
2023,"경기","군포시","wind","풍력","wind",0,0
2023,"경기","김포시","IGCC","IGCC","IGCC",0,0
2023,"경기","김포시","PV","태양광","PV",0,94653.5615434611
2023,"경기","김포시","bio","바이오","bio",0,0
2023,"경기","김포시","fuelcell","연료전지","fuelcell",0,292.356030913526
2023,"경기","김포시","hydro","수력","hydro",0,0
2023,"경기","김포시","ocean","해양","ocean",0,0
2023,"경기","김포시","waste","폐기물","waste",0,0
2023,"경기","김포시","wind","풍력","wind",0,0
2023,"경기","남양주시","IGCC","IGCC","IGCC",0,0
2023,"경기","남양주시","PV","태양광","PV",0,49546.6859234582
2023,"경기","남양주시","bio","바이오","bio",0,0
2023,"경기","남양주시","fuelcell","연료전지","fuelcell",0,73.0890077283814
2023,"경기","남양주시","hydro","수력","hydro",0,379385
2023,"경기","남양주시","ocean","해양","ocean",0,0
2023,"경기","남양주시","waste","폐기물","waste",0,925.346318842351
2023,"경기","남양주시","wind","풍력","wind",0,0
2023,"경기","동두천시","IGCC","IGCC","IGCC",0,0
2023,"경기","동두천시","PV","태양광","PV",0,12124.089913908
2023,"경기","동두천시","bio","바이오","bio",0,6260.889648
2023,"경기","동두천시","fuelcell","연료전지","fuelcell",0,0
2023,"경기","동두천시","hydro","수력","hydro",0,0
2023,"경기","동두천시","ocean","해양","ocean",0,0
2023,"경기","동두천시","waste","폐기물","waste",0,0
2023,"경기","동두천시","wind","풍력","wind",0,0
2023,"경기","부천시","IGCC","IGCC","IGCC",0,0
2023,"경기","부천시","PV","태양광","PV",0,12012.8878383618
2023,"경기","부천시","bio","바이오","bio",0,5278.68
2023,"경기","부천시","fuelcell","연료전지","fuelcell",0,75356.9238567642
2023,"경기","부천시","hydro","수력","hydro",0,0
2023,"경기","부천시","ocean","해양","ocean",0,0
2023,"경기","부천시","waste","폐기물","waste",0,4340.00027152775
2023,"경기","부천시","wind","풍력","wind",0,0
2023,"경기","성남시","IGCC","IGCC","IGCC",0,0
2023,"경기","성남시","PV","태양광","PV",0,25580.1758386322
2023,"경기","성남시","bio","바이오","bio",0,0
2023,"경기","성남시","fuelcell","연료전지","fuelcell",0,152977.669430808
2023,"경기","성남시","hydro","수력","hydro",0,2938.062312
2023,"경기","성남시","ocean","해양","ocean",0,0
2023,"경기","성남시","waste","폐기물","waste",0,0
2023,"경기","성남시","wind","풍력","wind",0,0
2023,"경기","수원시","IGCC","IGCC","IGCC",0,0
2023,"경기","수원시","PV","태양광","PV",0,40665.8865343459
2023,"경기","수원시","bio","바이오","bio",0,0
2023,"경기","수원시","fuelcell","연료전지","fuelcell",0,1521.58025179994
2023,"경기","수원시","hydro","수력","hydro",0,0
2023,"경기","수원시","ocean","해양","ocean",0,0
2023,"경기","수원시","waste","폐기물","waste",0,9871.80441750808
2023,"경기","수원시","wind","풍력","wind",0,0
2023,"경기","시흥시","IGCC","IGCC","IGCC",0,0
2023,"경기","시흥시","PV","태양광","PV",0,53734.8762952895
2023,"경기","시흥시","bio","바이오","bio",0,0
2023,"경기","시흥시","fuelcell","연료전지","fuelcell",0,43821.0021590323
2023,"경기","시흥시","hydro","수력","hydro",0,0
2023,"경기","시흥시","ocean","해양","ocean",0,0
2023,"경기","시흥시","waste","폐기물","waste",0,4090.98301241517
2023,"경기","시흥시","wind","풍력","wind",0,0
2023,"경기","안산시","IGCC","IGCC","IGCC",0,0
2023,"경기","안산시","PV","태양광","PV",0,62696.0000000939
2023,"경기","안산시","bio","바이오","bio",0,1000.476
2023,"경기","안산시","fuelcell","연료전지","fuelcell",0,21181.8857424532
2023,"경기","안산시","hydro","수력","hydro",0,0
2023,"경기","안산시","ocean","해양","ocean",0,437533.86918
2023,"경기","안산시","waste","폐기물","waste",0,7189.02345765028
2023,"경기","안산시","wind","풍력","wind",0,3345.20638937347
2023,"경기","안성시","IGCC","IGCC","IGCC",0,0
2023,"경기","안성시","PV","태양광","PV",0,193049.953648918
2023,"경기","안성시","bio","바이오","bio",0,0
2023,"경기","안성시","fuelcell","연료전지","fuelcell",0,368.767266265924
2023,"경기","안성시","hydro","수력","hydro",0,644.638
2023,"경기","안성시","ocean","해양","ocean",0,0
2023,"경기","안성시","waste","폐기물","waste",0,0
2023,"경기","안성시","wind","풍력","wind",0,0
2023,"경기","안양시","IGCC","IGCC","IGCC",0,0
2023,"경기","안양시","PV","태양광","PV",0,8572.59475476215
2023,"경기","안양시","bio","바이오","bio",0,1263.76704
2023,"경기","안양시","fuelcell","연료전지","fuelcell",0,30286.6686063967
2023,"경기","안양시","hydro","수력","hydro",0,595.315
2023,"경기","안양시","ocean","해양","ocean",0,0
2023,"경기","안양시","waste","폐기물","waste",0,5494.91521341235
2023,"경기","안양시","wind","풍력","wind",0,0
2023,"경기","양주시","IGCC","IGCC","IGCC",0,0
2023,"경기","양주시","PV","태양광","PV",0,53669.4290761357
2023,"경기","양주시","bio","바이오","bio",0,0
2023,"경기","양주시","fuelcell","연료전지","fuelcell",0,305.644941409595
2023,"경기","양주시","hydro","수력","hydro",0,0
2023,"경기","양주시","ocean","해양","ocean",0,0
2023,"경기","양주시","waste","폐기물","waste",0,6853.20114757105
2023,"경기","양주시","wind","풍력","wind",0,10.5282607002617
2023,"경기","양평군","IGCC","IGCC","IGCC",0,0
2023,"경기","양평군","PV","태양광","PV",0,65627.7895930597
2023,"경기","양평군","bio","바이오","bio",0,0
2023,"경기","양평군","fuelcell","연료전지","fuelcell",0,0
2023,"경기","양평군","hydro","수력","hydro",0,0
2023,"경기","양평군","ocean","해양","ocean",0,0
2023,"경기","양평군","waste","폐기물","waste",0,0
2023,"경기","양평군","wind","풍력","wind",0,0
2023,"경기","여주시","IGCC","IGCC","IGCC",0,0
2023,"경기","여주시","PV","태양광","PV",0,211748.602161138
2023,"경기","여주시","bio","바이오","bio",0,0
2023,"경기","여주시","fuelcell","연료전지","fuelcell",0,16.6111381200867
2023,"경기","여주시","hydro","수력","hydro",0,66545.115679
2023,"경기","여주시","ocean","해양","ocean",0,0
2023,"경기","여주시","waste","폐기물","waste",0,0
2023,"경기","여주시","wind","풍력","wind",0,0
2023,"경기","연천군","IGCC","IGCC","IGCC",0,0
2023,"경기","연천군","PV","태양광","PV",0,200529.877174086
2023,"경기","연천군","bio","바이오","bio",0,5709.562
2023,"경기","연천군","fuelcell","연료전지","fuelcell",0,0
2023,"경기","연천군","hydro","수력","hydro",0,3698.31492
2023,"경기","연천군","ocean","해양","ocean",0,0
2023,"경기","연천군","waste","폐기물","waste",0,0
2023,"경기","연천군","wind","풍력","wind",0,0
2023,"경기","오산시","IGCC","IGCC","IGCC",0,0
2023,"경기","오산시","PV","태양광","PV",0,18598.5730995751
2023,"경기","오산시","bio","바이오","bio",0,0
2023,"경기","오산시","fuelcell","연료전지","fuelcell",0,704.312256291676
2023,"경기","오산시","hydro","수력","hydro",0,0
2023,"경기","오산시","ocean","해양","ocean",0,0
2023,"경기","오산시","waste","폐기물","waste",0,0
2023,"경기","오산시","wind","풍력","wind",0,0
2023,"경기","용인시","IGCC","IGCC","IGCC",0,0
2023,"경기","용인시","PV","태양광","PV",0,83206.3482232663
2023,"경기","용인시","bio","바이오","bio",0,0
2023,"경기","용인시","fuelcell","연료전지","fuelcell",0,1163.1440132109
2023,"경기","용인시","hydro","수력","hydro",0,142.607
2023,"경기","용인시","ocean","해양","ocean",0,0
2023,"경기","용인시","waste","폐기물","waste",0,9077.37904648251
2023,"경기","용인시","wind","풍력","wind",0,0
2023,"경기","의왕시","IGCC","IGCC","IGCC",0,0
2023,"경기","의왕시","PV","태양광","PV",0,8321.26589930846
2023,"경기","의왕시","bio","바이오","bio",0,0
2023,"경기","의왕시","fuelcell","연료전지","fuelcell",0,80305.129837248
2023,"경기","의왕시","hydro","수력","hydro",0,0
2023,"경기","의왕시","ocean","해양","ocean",0,0
2023,"경기","의왕시","waste","폐기물","waste",0,0
2023,"경기","의왕시","wind","풍력","wind",0,0
2023,"경기","의정부시","IGCC","IGCC","IGCC",0,0
2023,"경기","의정부시","PV","태양광","PV",0,15865.3712793545
2023,"경기","의정부시","bio","바이오","bio",0,1047.751
2023,"경기","의정부시","fuelcell","연료전지","fuelcell",0,139.533560208728
2023,"경기","의정부시","hydro","수력","hydro",0,0
2023,"경기","의정부시","ocean","해양","ocean",0,0
2023,"경기","의정부시","waste","폐기물","waste",0,3321.2207225545
2023,"경기","의정부시","wind","풍력","wind",0,1.42131519453534
2023,"경기","이천시","IGCC","IGCC","IGCC",0,0
2023,"경기","이천시","PV","태양광","PV",0,189991.179857481
2023,"경기","이천시","bio","바이오","bio",0,1130.734
2023,"경기","이천시","fuelcell","연료전지","fuelcell",0,82207.9605433153
2023,"경기","이천시","hydro","수력","hydro",0,0
2023,"경기","이천시","ocean","해양","ocean",0,0
2023,"경기","이천시","waste","폐기물","waste",0,10902.3744591483
2023,"경기","이천시","wind","풍력","wind",0,0
2023,"경기","파주시","IGCC","IGCC","IGCC",0,0
2023,"경기","파주시","PV","태양광","PV",0,124842.385072017
2023,"경기","파주시","bio","바이오","bio",0,0
2023,"경기","파주시","fuelcell","연료전지","fuelcell",0,56849.605882945
2023,"경기","파주시","hydro","수력","hydro",0,414.79
2023,"경기","파주시","ocean","해양","ocean",0,0
2023,"경기","파주시","waste","폐기물","waste",0,0
2023,"경기","파주시","wind","풍력","wind",0,0
2023,"경기","평택시","IGCC","IGCC","IGCC",0,0
2023,"경기","평택시","PV","태양광","PV",0,152486.195059239
2023,"경기","평택시","bio","바이오","bio",0,222418.8792
2023,"경기","평택시","fuelcell","연료전지","fuelcell",0,108679.228795402
2023,"경기","평택시","hydro","수력","hydro",0,0
2023,"경기","평택시","ocean","해양","ocean",0,0
2023,"경기","평택시","waste","폐기물","waste",0,136.099387370886
2023,"경기","평택시","wind","풍력","wind",0,0
2023,"경기","포천시","IGCC","IGCC","IGCC",0,0
2023,"경기","포천시","PV","태양광","PV",0,143051.59450003
2023,"경기","포천시","bio","바이오","bio",0,179261.847
2023,"경기","포천시","fuelcell","연료전지","fuelcell",0,3622.37700772838
2023,"경기","포천시","hydro","수력","hydro",0,0
2023,"경기","포천시","ocean","해양","ocean",0,0
2023,"경기","포천시","waste","폐기물","waste",0,0
2023,"경기","포천시","wind","풍력","wind",0,0
2023,"경기","하남시","IGCC","IGCC","IGCC",0,0
2023,"경기","하남시","PV","태양광","PV",0,15520.0135316635
2023,"경기","하남시","bio","바이오","bio",0,0
2023,"경기","하남시","fuelcell","연료전지","fuelcell",0,219.267023185144
2023,"경기","하남시","hydro","수력","hydro",0,0
2023,"경기","하남시","ocean","해양","ocean",0,0
2023,"경기","하남시","waste","폐기물","waste",0,0
2023,"경기","하남시","wind","풍력","wind",0,0
2023,"경기","화성시","IGCC","IGCC","IGCC",0,0
2023,"경기","화성시","PV","태양광","PV",0,303781.96328151
2023,"경기","화성시","bio","바이오","bio",0,2233.981137
2023,"경기","화성시","fuelcell","연료전지","fuelcell",0,829707.638088097
2023,"경기","화성시","hydro","수력","hydro",0,0
2023,"경기","화성시","ocean","해양","ocean",0,0
2023,"경기","화성시","waste","폐기물","waste",0,9417.3105809681
2023,"경기","화성시","wind","풍력","wind",0,5.26413035013087
